<?xml version="1.0" encoding="UTF-8" ?>
<!DOCTYPE ldml SYSTEM "../../common/dtd/ldml.dtd">
<!-- Copyright © 1991-2020 Unicode, Inc.
For terms of use, see http://www.unicode.org/copyright.html
Unicode and the Unicode Logo are registered trademarks of Unicode, Inc. in the U.S. and other countries.
CLDR data files are interpreted according to the LDML specification (http://unicode.org/reports/tr35/)
-->
<ldml>
	<identity>
		<version number="$Revision$"/>
		<language type="ar"/>
		<territory type="AE"/>
	</identity>
	<localeDisplayNames>
		<territories>
			<territory type="CI" alt="variant" draft="contributed">ساحل العاج</territory>
			<territory type="TL" alt="variant" draft="contributed">التيمور الشرقية</territory>
		</territories>
	</localeDisplayNames>
	<dates>
		<calendars>
			<calendar type="gregorian">
				<eras>
					<eraNames>
						<era type="0" alt="variant" draft="contributed">قبل الميلاد</era>
					</eraNames>
					<eraAbbr>
						<era type="0" alt="variant" draft="contributed">ق.م</era>
					</eraAbbr>
				</eras>
			</calendar>
		</calendars>
		<fields>
			<field type="year">
				<relative type="-1" draft="contributed">السنة الماضية</relative>
				<relative type="0" draft="contributed">هذه السنة</relative>
				<relative type="1" draft="contributed">السنة التالية</relative>
			</field>
		</fields>
	</dates>
	<numbers>
		<defaultNumberingSystem>arab</defaultNumberingSystem>
		<currencies>
			<currency type="BND">
				<symbol alt="narrow" draft="contributed">$</symbol>
			</currency>
		</currencies>
	</numbers>
</ldml>
