<?xml version="1.0" encoding="UTF-8" ?>
<!DOCTYPE ldml SYSTEM "../../common/dtd/ldml.dtd">
<!-- Copyright © 1991-2020 Unicode, Inc.
For terms of use, see http://www.unicode.org/copyright.html
Unicode and the Unicode Logo are registered trademarks of Unicode, Inc. in the U.S. and other countries.
CLDR data files are interpreted according to the LDML specification (http://unicode.org/reports/tr35/)

Warnings: All cp values have U+FE0F characters removed. See /annotationsDerived/ for derived annotations.
UAE English locale, based on US English orthography, formats from en_001
-->
<ldml>
	<identity>
		<version number="$Revision$"/>
		<language type="en"/>
		<territory type="AE"/>
	</identity>
	<dates>
		<calendars>
			<calendar type="chinese">
				<dateFormats>
					<dateFormatLength type="full">
						<dateFormat>
							<pattern>EEEE, d MMMM r(U)</pattern>
						</dateFormat>
					</dateFormatLength>
					<dateFormatLength type="long">
						<dateFormat>
							<pattern>d MMMM r(U)</pattern>
						</dateFormat>
					</dateFormatLength>
					<dateFormatLength type="medium">
						<dateFormat>
							<pattern>d MMM r</pattern>
						</dateFormat>
					</dateFormatLength>
					<dateFormatLength type="short">
						<dateFormat>
							<pattern>dd/MM/r</pattern>
						</dateFormat>
					</dateFormatLength>
				</dateFormats>
				<dateTimeFormats>
					<availableFormats>
						<dateFormatItem id="Ed">E d</dateFormatItem>
						<dateFormatItem id="GyMMMd">d MMM r</dateFormatItem>
						<dateFormatItem id="GyMMMEd">E, d MMM r(U)</dateFormatItem>
						<dateFormatItem id="M">LL</dateFormatItem>
						<dateFormatItem id="Md">dd/MM</dateFormatItem>
						<dateFormatItem id="MEd">E, dd/MM</dateFormatItem>
						<dateFormatItem id="MMMd">d MMM</dateFormatItem>
						<dateFormatItem id="MMMEd">E, d MMM</dateFormatItem>
						<dateFormatItem id="MMMMd">d MMMM</dateFormatItem>
						<dateFormatItem id="UMd">dd/MM/U</dateFormatItem>
						<dateFormatItem id="UMMMd">d MMM U</dateFormatItem>
						<dateFormatItem id="yMd">dd/MM/r</dateFormatItem>
						<dateFormatItem id="yyyyM">MM/r</dateFormatItem>
						<dateFormatItem id="yyyyMd">dd/MM/r</dateFormatItem>
						<dateFormatItem id="yyyyMEd">E, dd/MM/r</dateFormatItem>
						<dateFormatItem id="yyyyMMMd">d MMM r</dateFormatItem>
						<dateFormatItem id="yyyyMMMEd">E, d MMM r(U)</dateFormatItem>
					</availableFormats>
					<intervalFormats>
						<intervalFormatItem id="Md">
							<greatestDifference id="d">dd/MM – dd/MM</greatestDifference>
							<greatestDifference id="M">dd/MM – dd/MM</greatestDifference>
						</intervalFormatItem>
						<intervalFormatItem id="MEd">
							<greatestDifference id="d">E dd/MM – E dd/MM</greatestDifference>
							<greatestDifference id="M">E dd/MM – E dd/MM</greatestDifference>
						</intervalFormatItem>
						<intervalFormatItem id="MMMd">
							<greatestDifference id="d">d – d MMM</greatestDifference>
							<greatestDifference id="M">d MMM – d MMM</greatestDifference>
						</intervalFormatItem>
						<intervalFormatItem id="MMMEd">
							<greatestDifference id="d">E d – E d MMM</greatestDifference>
							<greatestDifference id="M">E d MMM – E d MMM</greatestDifference>
						</intervalFormatItem>
						<intervalFormatItem id="yM">
							<greatestDifference id="M">MM/y – MM/y</greatestDifference>
							<greatestDifference id="y">MM/y – MM/y</greatestDifference>
						</intervalFormatItem>
						<intervalFormatItem id="yMd">
							<greatestDifference id="d">dd/MM/y – dd/MM/y</greatestDifference>
							<greatestDifference id="M">dd/MM/y – dd/MM/y</greatestDifference>
							<greatestDifference id="y">dd/MM/y – dd/MM/y</greatestDifference>
						</intervalFormatItem>
						<intervalFormatItem id="yMEd">
							<greatestDifference id="d">E, dd/MM/y – E, dd/MM/y</greatestDifference>
							<greatestDifference id="M">E, dd/MM/y – E, dd/MM/y</greatestDifference>
							<greatestDifference id="y">E, dd/MM/y – E, dd/MM/y</greatestDifference>
						</intervalFormatItem>
						<intervalFormatItem id="yMMMd">
							<greatestDifference id="d">d – d MMM U</greatestDifference>
							<greatestDifference id="M">d MMM – d MMM U</greatestDifference>
							<greatestDifference id="y">d MMM U – d MMM U</greatestDifference>
						</intervalFormatItem>
						<intervalFormatItem id="yMMMEd">
							<greatestDifference id="d">E, d – E, d MMM U</greatestDifference>
							<greatestDifference id="M">E, d MMM – E, d MMM U</greatestDifference>
							<greatestDifference id="y">E, d MMM U – E, d MMM U</greatestDifference>
						</intervalFormatItem>
					</intervalFormats>
				</dateTimeFormats>
			</calendar>
			<calendar type="generic">
				<dateFormats>
					<dateFormatLength type="full">
						<dateFormat>
							<pattern>EEEE, d MMMM y G</pattern>
						</dateFormat>
					</dateFormatLength>
					<dateFormatLength type="long">
						<dateFormat>
							<pattern>d MMMM y G</pattern>
						</dateFormat>
					</dateFormatLength>
					<dateFormatLength type="medium">
						<dateFormat>
							<pattern>d MMM y G</pattern>
						</dateFormat>
					</dateFormatLength>
					<dateFormatLength type="short">
						<dateFormat>
							<pattern>dd/MM/y GGGGG</pattern>
						</dateFormat>
					</dateFormatLength>
				</dateFormats>
				<dateTimeFormats>
					<availableFormats>
						<dateFormatItem id="EBhm">E, h:mm B</dateFormatItem>
						<dateFormatItem id="EBhms">E, h:mm:ss B</dateFormatItem>
						<dateFormatItem id="Ed">E d</dateFormatItem>
						<dateFormatItem id="Ehm">E, h:mm a</dateFormatItem>
						<dateFormatItem id="EHm">E, HH:mm</dateFormatItem>
						<dateFormatItem id="Ehms">E, h:mm:ss a</dateFormatItem>
						<dateFormatItem id="EHms">E, HH:mm:ss</dateFormatItem>
						<dateFormatItem id="GyMMMd">d MMM y G</dateFormatItem>
						<dateFormatItem id="GyMMMEd">E, d MMM y G</dateFormatItem>
						<dateFormatItem id="M">LL</dateFormatItem>
						<dateFormatItem id="Md">dd/MM</dateFormatItem>
						<dateFormatItem id="MEd">E, d/M</dateFormatItem>
						<dateFormatItem id="MMMd">d MMM</dateFormatItem>
						<dateFormatItem id="MMMEd">E, d MMM</dateFormatItem>
						<dateFormatItem id="MMMMd">d MMMM</dateFormatItem>
						<dateFormatItem id="yyyyM">MM/y GGGGG</dateFormatItem>
						<dateFormatItem id="yyyyMd">dd/MM/y GGGGG</dateFormatItem>
						<dateFormatItem id="yyyyMEd">E, dd/MM/y GGGGG</dateFormatItem>
						<dateFormatItem id="yyyyMMMd">d MMM y G</dateFormatItem>
						<dateFormatItem id="yyyyMMMEd">E, d MMM y G</dateFormatItem>
					</availableFormats>
					<intervalFormats>
						<intervalFormatItem id="Md">
							<greatestDifference id="d">dd/MM – dd/MM</greatestDifference>
							<greatestDifference id="M">dd/MM – dd/MM</greatestDifference>
						</intervalFormatItem>
						<intervalFormatItem id="MEd">
							<greatestDifference id="d">E dd/MM – E dd/MM</greatestDifference>
							<greatestDifference id="M">E dd/MM – E dd/MM</greatestDifference>
						</intervalFormatItem>
						<intervalFormatItem id="MMMd">
							<greatestDifference id="d">d – d MMM</greatestDifference>
							<greatestDifference id="M">d MMM – d MMM</greatestDifference>
						</intervalFormatItem>
						<intervalFormatItem id="MMMEd">
							<greatestDifference id="d">E d – E d MMM</greatestDifference>
							<greatestDifference id="M">E d MMM – E d MMM</greatestDifference>
						</intervalFormatItem>
						<intervalFormatItem id="yM">
							<greatestDifference id="M">MM/y – MM/y GGGGG</greatestDifference>
							<greatestDifference id="y">MM/y – MM/y GGGGG</greatestDifference>
						</intervalFormatItem>
						<intervalFormatItem id="yMd">
							<greatestDifference id="d">dd/MM/y – dd/MM/y GGGGG</greatestDifference>
							<greatestDifference id="M">dd/MM/y – dd/MM/y GGGGG</greatestDifference>
							<greatestDifference id="y">dd/MM/y – dd/MM/y GGGGG</greatestDifference>
						</intervalFormatItem>
						<intervalFormatItem id="yMEd">
							<greatestDifference id="d">E, dd/MM/y – E, dd/MM/y GGGGG</greatestDifference>
							<greatestDifference id="M">E, dd/MM/y – E, dd/MM/y GGGGG</greatestDifference>
							<greatestDifference id="y">E, dd/MM/y – E, dd/MM/y GGGGG</greatestDifference>
						</intervalFormatItem>
						<intervalFormatItem id="yMMMd">
							<greatestDifference id="d">d – d MMM y G</greatestDifference>
							<greatestDifference id="M">d MMM – d MMM y G</greatestDifference>
							<greatestDifference id="y">d MMM y – d MMM y G</greatestDifference>
						</intervalFormatItem>
						<intervalFormatItem id="yMMMEd">
							<greatestDifference id="d">E, d – E, d MMM y G</greatestDifference>
							<greatestDifference id="M">E, d MMM – E, d MMM y G</greatestDifference>
							<greatestDifference id="y">E, d MMM y – E, d MMM y G</greatestDifference>
						</intervalFormatItem>
					</intervalFormats>
				</dateTimeFormats>
			</calendar>
			<calendar type="gregorian">
				<dateFormats>
					<dateFormatLength type="full">
						<dateFormat>
							<pattern>EEEE, d MMMM y</pattern>
						</dateFormat>
					</dateFormatLength>
					<dateFormatLength type="long">
						<dateFormat>
							<pattern>d MMMM y</pattern>
						</dateFormat>
					</dateFormatLength>
					<dateFormatLength type="medium">
						<dateFormat>
							<pattern>d MMM y</pattern>
						</dateFormat>
					</dateFormatLength>
					<dateFormatLength type="short">
						<dateFormat>
							<pattern>dd/MM/y</pattern>
						</dateFormat>
					</dateFormatLength>
				</dateFormats>
				<dateTimeFormats>
					<availableFormats>
						<dateFormatItem id="EBhm">E, h:mm B</dateFormatItem>
						<dateFormatItem id="EBhms">E, h:mm:ss B</dateFormatItem>
						<dateFormatItem id="Ed">E d</dateFormatItem>
						<dateFormatItem id="GyMMMd">d MMM y G</dateFormatItem>
						<dateFormatItem id="GyMMMEd">E, d MMM y G</dateFormatItem>
						<dateFormatItem id="Md">dd/MM</dateFormatItem>
						<dateFormatItem id="MEd">E, dd/MM</dateFormatItem>
						<dateFormatItem id="MMdd">dd/MM</dateFormatItem>
						<dateFormatItem id="MMMd">d MMM</dateFormatItem>
						<dateFormatItem id="MMMEd">E, d MMM</dateFormatItem>
						<dateFormatItem id="MMMMd">d MMMM</dateFormatItem>
						<dateFormatItem id="yM">MM/y</dateFormatItem>
						<dateFormatItem id="yMd">dd/MM/y</dateFormatItem>
						<dateFormatItem id="yMEd">E, dd/MM/y</dateFormatItem>
						<dateFormatItem id="yMMMd">d MMM y</dateFormatItem>
						<dateFormatItem id="yMMMEd">E, d MMM y</dateFormatItem>
					</availableFormats>
					<intervalFormats>
						<intervalFormatItem id="Md">
							<greatestDifference id="d">dd/MM – dd/MM</greatestDifference>
							<greatestDifference id="M">dd/MM – dd/MM</greatestDifference>
						</intervalFormatItem>
						<intervalFormatItem id="MEd">
							<greatestDifference id="d">E dd/MM – E dd/MM</greatestDifference>
							<greatestDifference id="M">E dd/MM – E dd/MM</greatestDifference>
						</intervalFormatItem>
						<intervalFormatItem id="MMMd">
							<greatestDifference id="d">d – d MMM</greatestDifference>
							<greatestDifference id="M">d MMM – d MMM</greatestDifference>
						</intervalFormatItem>
						<intervalFormatItem id="MMMEd">
							<greatestDifference id="d">E d – E d MMM</greatestDifference>
							<greatestDifference id="M">E d MMM – E d MMM</greatestDifference>
						</intervalFormatItem>
						<intervalFormatItem id="yM">
							<greatestDifference id="M">MM/y – MM/y</greatestDifference>
							<greatestDifference id="y">MM/y – MM/y</greatestDifference>
						</intervalFormatItem>
						<intervalFormatItem id="yMd">
							<greatestDifference id="d">dd/MM/y – dd/MM/y</greatestDifference>
							<greatestDifference id="M">dd/MM/y – dd/MM/y</greatestDifference>
							<greatestDifference id="y">dd/MM/y – dd/MM/y</greatestDifference>
						</intervalFormatItem>
						<intervalFormatItem id="yMEd">
							<greatestDifference id="d">E, dd/MM/y – E, dd/MM/y</greatestDifference>
							<greatestDifference id="M">E, dd/MM/y – E, dd/MM/y</greatestDifference>
							<greatestDifference id="y">E, dd/MM/y – E, dd/MM/y</greatestDifference>
						</intervalFormatItem>
						<intervalFormatItem id="yMMMd">
							<greatestDifference id="d">d – d MMM y</greatestDifference>
							<greatestDifference id="M">d MMM – d MMM y</greatestDifference>
							<greatestDifference id="y">d MMM y – d MMM y</greatestDifference>
						</intervalFormatItem>
						<intervalFormatItem id="yMMMEd">
							<greatestDifference id="d">E, d – E, d MMM y</greatestDifference>
							<greatestDifference id="M">E, d MMM – E, d MMM y</greatestDifference>
							<greatestDifference id="y">E, d MMM y – E, d MMM y</greatestDifference>
						</intervalFormatItem>
					</intervalFormats>
				</dateTimeFormats>
			</calendar>
		</calendars>
		<timeZoneNames>
			<zone type="Pacific/Honolulu">
				<short>
					<generic>∅∅∅</generic>
					<standard>∅∅∅</standard>
					<daylight>∅∅∅</daylight>
				</short>
			</zone>
			<metazone type="Alaska">
				<short>
					<generic>∅∅∅</generic>
					<standard>∅∅∅</standard>
					<daylight>∅∅∅</daylight>
				</short>
			</metazone>
			<metazone type="America_Central">
				<short>
					<generic>∅∅∅</generic>
					<standard>∅∅∅</standard>
					<daylight>∅∅∅</daylight>
				</short>
			</metazone>
			<metazone type="America_Eastern">
				<short>
					<generic>∅∅∅</generic>
					<standard>∅∅∅</standard>
					<daylight>∅∅∅</daylight>
				</short>
			</metazone>
			<metazone type="America_Mountain">
				<short>
					<generic>∅∅∅</generic>
					<standard>∅∅∅</standard>
					<daylight>∅∅∅</daylight>
				</short>
			</metazone>
			<metazone type="America_Pacific">
				<short>
					<generic>∅∅∅</generic>
					<standard>∅∅∅</standard>
					<daylight>∅∅∅</daylight>
				</short>
			</metazone>
			<metazone type="Atlantic">
				<short>
					<generic>∅∅∅</generic>
					<standard>∅∅∅</standard>
					<daylight>∅∅∅</daylight>
				</short>
			</metazone>
			<metazone type="Gulf">
				<short>
					<standard>GST</standard>
				</short>
			</metazone>
			<metazone type="Hawaii_Aleutian">
				<short>
					<generic>∅∅∅</generic>
					<standard>∅∅∅</standard>
					<daylight>∅∅∅</daylight>
				</short>
			</metazone>
		</timeZoneNames>
	</dates>
	<numbers>
		<currencies>
			<currency type="AED">
				<symbol>AED</symbol>
			</currency>
		</currencies>
	</numbers>
</ldml>
