<?xml version="1.0" encoding="UTF-8" ?>
<!DOCTYPE ldml SYSTEM "../../common/dtd/ldml.dtd">
<!-- Copyright © 1991-2020 Unicode, Inc.
For terms of use, see http://www.unicode.org/copyright.html
Unicode and the Unicode Logo are registered trademarks of Unicode, Inc. in the U.S. and other countries.
CLDR data files are interpreted according to the LDML specification (http://unicode.org/reports/tr35/)
-->
<ldml>
	<identity>
		<version number="$Revision$"/>
		<language type="en"/>
		<territory type="GB"/>
	</identity>
	<localeDisplayNames>
		<languages>
			<language type="ar_001">Modern Standard Arabic</language>
			<language type="de_AT">Austrian German</language>
			<language type="de_CH">Swiss High German</language>
			<language type="en_AU">Australian English</language>
			<language type="en_CA">Canadian English</language>
			<language type="en_GB">British English</language>
			<language type="en_GB" alt="short">UK English</language>
			<language type="en_US">American English</language>
			<language type="en_US" alt="short">US English</language>
			<language type="es_419">Latin American Spanish</language>
			<language type="es_ES">European Spanish</language>
			<language type="es_MX">Mexican Spanish</language>
			<language type="fa_AF">Dari</language>
			<language type="fr_CA">Canadian French</language>
			<language type="fr_CH">Swiss French</language>
			<language type="nds_NL">West Low German</language>
			<language type="nl_BE">Flemish</language>
			<language type="pt_BR">Brazilian Portuguese</language>
			<language type="pt_PT">European Portuguese</language>
			<language type="ro_MD">Moldavian</language>
			<language type="sw_CD">Congo Swahili</language>
			<language type="zh_Hans">Simplified Chinese</language>
			<language type="zh_Hans" alt="long">Simplified Mandarin Chinese</language>
			<language type="zh_Hant">Traditional Chinese</language>
			<language type="zh_Hant" alt="long">Traditional Mandarin Chinese</language>
		</languages>
		<territories>
			<territory type="BL">St Barthélemy</territory>
			<territory type="KN">St Kitts &amp; Nevis</territory>
			<territory type="LC">St Lucia</territory>
			<territory type="MF">St Martin</territory>
			<territory type="PM">St Pierre &amp; Miquelon</territory>
			<territory type="SH">St Helena</territory>
			<territory type="VC">St Vincent &amp; the Grenadines</territory>
		</territories>
	</localeDisplayNames>
	<dates>
		<calendars>
			<calendar type="generic">
				<dateTimeFormats>
					<availableFormats>
						<dateFormatItem id="MEd">E dd/MM</dateFormatItem>
						<dateFormatItem id="MMMEd">E d MMM</dateFormatItem>
					</availableFormats>
					<intervalFormats>
						<intervalFormatItem id="Md">
							<greatestDifference id="d">dd/MM–dd/MM</greatestDifference>
							<greatestDifference id="M">dd/MM–dd/MM</greatestDifference>
						</intervalFormatItem>
						<intervalFormatItem id="MMMEd">
							<greatestDifference id="d">E d MMM – E d MMM</greatestDifference>
						</intervalFormatItem>
						<intervalFormatItem id="yMMMEd">
							<greatestDifference id="d">E, d MMM – E, d MMM y G</greatestDifference>
						</intervalFormatItem>
					</intervalFormats>
				</dateTimeFormats>
			</calendar>
			<calendar type="gregorian">
				<months>
					<monthContext type="format">
						<monthWidth type="abbreviated">
							<month type="1">Jan</month>
							<month type="2">Feb</month>
							<month type="3">Mar</month>
							<month type="4">Apr</month>
							<month type="5">May</month>
							<month type="6">Jun</month>
							<month type="7">Jul</month>
							<month type="8">Aug</month>
							<month type="9">Sept</month>
							<month type="10">Oct</month>
							<month type="11">Nov</month>
							<month type="12">Dec</month>
						</monthWidth>
						<monthWidth type="narrow">
							<month type="1">J</month>
							<month type="2">F</month>
							<month type="3">M</month>
							<month type="4">A</month>
							<month type="5">M</month>
							<month type="6">J</month>
							<month type="7">J</month>
							<month type="8">A</month>
							<month type="9">S</month>
							<month type="10">O</month>
							<month type="11">N</month>
							<month type="12">D</month>
						</monthWidth>
					</monthContext>
					<monthContext type="stand-alone">
						<monthWidth type="abbreviated">
							<month type="1">Jan</month>
							<month type="2">Feb</month>
							<month type="3">Mar</month>
							<month type="4">Apr</month>
							<month type="5">May</month>
							<month type="6">Jun</month>
							<month type="7">Jul</month>
							<month type="8">Aug</month>
							<month type="9">Sept</month>
							<month type="10">Oct</month>
							<month type="11">Nov</month>
							<month type="12">Dec</month>
						</monthWidth>
						<monthWidth type="wide">
							<month type="1">January</month>
							<month type="2">February</month>
							<month type="3">March</month>
							<month type="4">April</month>
							<month type="5">May</month>
							<month type="6">June</month>
							<month type="7">July</month>
							<month type="8">August</month>
							<month type="9">September</month>
							<month type="10">October</month>
							<month type="11">November</month>
							<month type="12">December</month>
						</monthWidth>
					</monthContext>
				</months>
				<days>
					<dayContext type="format">
						<dayWidth type="narrow">
							<day type="sun">S</day>
							<day type="mon">M</day>
							<day type="tue">T</day>
							<day type="wed">W</day>
							<day type="thu">T</day>
							<day type="fri">F</day>
							<day type="sat">S</day>
						</dayWidth>
					</dayContext>
					<dayContext type="stand-alone">
						<dayWidth type="abbreviated">
							<day type="sun">Sun</day>
							<day type="mon">Mon</day>
							<day type="tue">Tue</day>
							<day type="wed">Wed</day>
							<day type="thu">Thu</day>
							<day type="fri">Fri</day>
							<day type="sat">Sat</day>
						</dayWidth>
						<dayWidth type="short">
							<day type="sun">Su</day>
							<day type="mon">Mo</day>
							<day type="tue">Tu</day>
							<day type="wed">We</day>
							<day type="thu">Th</day>
							<day type="fri">Fr</day>
							<day type="sat">Sa</day>
						</dayWidth>
						<dayWidth type="wide">
							<day type="sun">Sunday</day>
							<day type="mon">Monday</day>
							<day type="tue">Tuesday</day>
							<day type="wed">Wednesday</day>
							<day type="thu">Thursday</day>
							<day type="fri">Friday</day>
							<day type="sat">Saturday</day>
						</dayWidth>
					</dayContext>
				</days>
				<quarters>
					<quarterContext type="format">
						<quarterWidth type="narrow">
							<quarter type="1">1</quarter>
							<quarter type="2">2</quarter>
							<quarter type="3">3</quarter>
							<quarter type="4">4</quarter>
						</quarterWidth>
					</quarterContext>
					<quarterContext type="stand-alone">
						<quarterWidth type="abbreviated">
							<quarter type="1">Q1</quarter>
							<quarter type="2">Q2</quarter>
							<quarter type="3">Q3</quarter>
							<quarter type="4">Q4</quarter>
						</quarterWidth>
						<quarterWidth type="wide">
							<quarter type="1">1st quarter</quarter>
							<quarter type="2">2nd quarter</quarter>
							<quarter type="3">3rd quarter</quarter>
							<quarter type="4">4th quarter</quarter>
						</quarterWidth>
					</quarterContext>
				</quarters>
				<dayPeriods>
					<dayPeriodContext type="stand-alone">
						<dayPeriodWidth type="narrow">
							<dayPeriod type="midnight">midnight</dayPeriod>
							<dayPeriod type="noon">noon</dayPeriod>
						</dayPeriodWidth>
					</dayPeriodContext>
				</dayPeriods>
				<dateFormats>
					<dateFormatLength type="full">
						<dateFormat>
							<pattern>EEEE, d MMMM y</pattern>
						</dateFormat>
					</dateFormatLength>
					<dateFormatLength type="long">
						<dateFormat>
							<pattern>d MMMM y</pattern>
						</dateFormat>
					</dateFormatLength>
					<dateFormatLength type="medium">
						<dateFormat>
							<pattern>d MMM y</pattern>
						</dateFormat>
					</dateFormatLength>
					<dateFormatLength type="short">
						<dateFormat>
							<pattern>dd/MM/y</pattern>
						</dateFormat>
					</dateFormatLength>
				</dateFormats>
				<timeFormats>
					<timeFormatLength type="full">
						<timeFormat>
							<pattern>HH:mm:ss zzzz</pattern>
						</timeFormat>
					</timeFormatLength>
					<timeFormatLength type="long">
						<timeFormat>
							<pattern>HH:mm:ss z</pattern>
						</timeFormat>
					</timeFormatLength>
					<timeFormatLength type="medium">
						<timeFormat>
							<pattern>HH:mm:ss</pattern>
						</timeFormat>
					</timeFormatLength>
					<timeFormatLength type="short">
						<timeFormat>
							<pattern>HH:mm</pattern>
						</timeFormat>
					</timeFormatLength>
				</timeFormats>
				<dateTimeFormats>
					<dateTimeFormatLength type="full">
						<dateTimeFormat>
							<pattern>{1} 'at' {0}</pattern>
						</dateTimeFormat>
					</dateTimeFormatLength>
					<dateTimeFormatLength type="long">
						<dateTimeFormat>
							<pattern>{1} 'at' {0}</pattern>
						</dateTimeFormat>
					</dateTimeFormatLength>
					<dateTimeFormatLength type="medium">
						<dateTimeFormat>
							<pattern>{1}, {0}</pattern>
						</dateTimeFormat>
					</dateTimeFormatLength>
					<dateTimeFormatLength type="short">
						<dateTimeFormat>
							<pattern>{1}, {0}</pattern>
						</dateTimeFormat>
					</dateTimeFormatLength>
					<availableFormats>
						<dateFormatItem id="EBhm">E h:mm B</dateFormatItem>
						<dateFormatItem id="EBhms">E h:mm:ss B</dateFormatItem>
					</availableFormats>
					<intervalFormats>
						<intervalFormatItem id="MMMEd">
							<greatestDifference id="d">E d MMM – E d MMM</greatestDifference>
						</intervalFormatItem>
						<intervalFormatItem id="yMMMEd">
							<greatestDifference id="d">E, d MMM – E, d MMM y</greatestDifference>
						</intervalFormatItem>
					</intervalFormats>
				</dateTimeFormats>
			</calendar>
		</calendars>
		<fields>
			<field type="year-narrow">
				<displayName>yr</displayName>
			</field>
			<field type="day-narrow">
				<relativeTime type="future">
					<relativeTimePattern count="one">in {0} day</relativeTimePattern>
					<relativeTimePattern count="other">in {0} days</relativeTimePattern>
				</relativeTime>
				<relativeTime type="past">
					<relativeTimePattern count="one">{0} day ago</relativeTimePattern>
					<relativeTimePattern count="other">{0} days ago</relativeTimePattern>
				</relativeTime>
			</field>
			<field type="hour-narrow">
				<displayName>hr</displayName>
			</field>
			<field type="second-narrow">
				<displayName>sec</displayName>
			</field>
		</fields>
		<timeZoneNames>
			<gmtZeroFormat>GMT</gmtZeroFormat>
			<zone type="Europe/Andorra">
				<exemplarCity>Andorra</exemplarCity>
			</zone>
			<zone type="Asia/Dubai">
				<exemplarCity>Dubai</exemplarCity>
			</zone>
			<zone type="Asia/Kabul">
				<exemplarCity>Kabul</exemplarCity>
			</zone>
			<zone type="America/Antigua">
				<exemplarCity>Antigua</exemplarCity>
			</zone>
			<zone type="America/Anguilla">
				<exemplarCity>Anguilla</exemplarCity>
			</zone>
			<zone type="Europe/Tirane">
				<exemplarCity>Tirane</exemplarCity>
			</zone>
			<zone type="Asia/Yerevan">
				<exemplarCity>Yerevan</exemplarCity>
			</zone>
			<zone type="Africa/Luanda">
				<exemplarCity>Luanda</exemplarCity>
			</zone>
			<zone type="Antarctica/Rothera">
				<exemplarCity>Rothera</exemplarCity>
			</zone>
			<zone type="Antarctica/Palmer">
				<exemplarCity>Palmer</exemplarCity>
			</zone>
			<zone type="Antarctica/Troll">
				<exemplarCity>Troll</exemplarCity>
			</zone>
			<zone type="Antarctica/Syowa">
				<exemplarCity>Syowa</exemplarCity>
			</zone>
			<zone type="Antarctica/Mawson">
				<exemplarCity>Mawson</exemplarCity>
			</zone>
			<zone type="Antarctica/Davis">
				<exemplarCity>Davis</exemplarCity>
			</zone>
			<zone type="Antarctica/Vostok">
				<exemplarCity>Vostok</exemplarCity>
			</zone>
			<zone type="Antarctica/Casey">
				<exemplarCity>Casey</exemplarCity>
			</zone>
			<zone type="Antarctica/McMurdo">
				<exemplarCity>McMurdo</exemplarCity>
			</zone>
			<zone type="America/Argentina/Rio_Gallegos">
				<exemplarCity>Rio Gallegos</exemplarCity>
			</zone>
			<zone type="America/Mendoza">
				<exemplarCity>Mendoza</exemplarCity>
			</zone>
			<zone type="America/Argentina/San_Juan">
				<exemplarCity>San Juan</exemplarCity>
			</zone>
			<zone type="America/Argentina/Ushuaia">
				<exemplarCity>Ushuaia</exemplarCity>
			</zone>
			<zone type="America/Argentina/La_Rioja">
				<exemplarCity>La Rioja</exemplarCity>
			</zone>
			<zone type="America/Argentina/San_Luis">
				<exemplarCity>San Luis</exemplarCity>
			</zone>
			<zone type="America/Catamarca">
				<exemplarCity>Catamarca</exemplarCity>
			</zone>
			<zone type="America/Argentina/Salta">
				<exemplarCity>Salta</exemplarCity>
			</zone>
			<zone type="America/Jujuy">
				<exemplarCity>Jujuy</exemplarCity>
			</zone>
			<zone type="America/Argentina/Tucuman">
				<exemplarCity>Tucuman</exemplarCity>
			</zone>
			<zone type="America/Cordoba">
				<exemplarCity>Cordoba</exemplarCity>
			</zone>
			<zone type="America/Buenos_Aires">
				<exemplarCity>Buenos Aires</exemplarCity>
			</zone>
			<zone type="Pacific/Pago_Pago">
				<exemplarCity>Pago Pago</exemplarCity>
			</zone>
			<zone type="Europe/Vienna">
				<exemplarCity>Vienna</exemplarCity>
			</zone>
			<zone type="Australia/Perth">
				<exemplarCity>Perth</exemplarCity>
			</zone>
			<zone type="Australia/Eucla">
				<exemplarCity>Eucla</exemplarCity>
			</zone>
			<zone type="Australia/Darwin">
				<exemplarCity>Darwin</exemplarCity>
			</zone>
			<zone type="Australia/Adelaide">
				<exemplarCity>Adelaide</exemplarCity>
			</zone>
			<zone type="Australia/Broken_Hill">
				<exemplarCity>Broken Hill</exemplarCity>
			</zone>
			<zone type="Australia/Currie">
				<exemplarCity>Currie</exemplarCity>
			</zone>
			<zone type="Australia/Melbourne">
				<exemplarCity>Melbourne</exemplarCity>
			</zone>
			<zone type="Australia/Hobart">
				<exemplarCity>Hobart</exemplarCity>
			</zone>
			<zone type="Australia/Lindeman">
				<exemplarCity>Lindeman</exemplarCity>
			</zone>
			<zone type="Australia/Sydney">
				<exemplarCity>Sydney</exemplarCity>
			</zone>
			<zone type="Australia/Brisbane">
				<exemplarCity>Brisbane</exemplarCity>
			</zone>
			<zone type="Antarctica/Macquarie">
				<exemplarCity>Macquarie</exemplarCity>
			</zone>
			<zone type="Australia/Lord_Howe">
				<exemplarCity>Lord Howe</exemplarCity>
			</zone>
			<zone type="America/Aruba">
				<exemplarCity>Aruba</exemplarCity>
			</zone>
			<zone type="Europe/Mariehamn">
				<exemplarCity>Mariehamn</exemplarCity>
			</zone>
			<zone type="Asia/Baku">
				<exemplarCity>Baku</exemplarCity>
			</zone>
			<zone type="Europe/Sarajevo">
				<exemplarCity>Sarajevo</exemplarCity>
			</zone>
			<zone type="America/Barbados">
				<exemplarCity>Barbados</exemplarCity>
			</zone>
			<zone type="Asia/Dhaka">
				<exemplarCity>Dhaka</exemplarCity>
			</zone>
			<zone type="Europe/Brussels">
				<exemplarCity>Brussels</exemplarCity>
			</zone>
			<zone type="Africa/Ouagadougou">
				<exemplarCity>Ouagadougou</exemplarCity>
			</zone>
			<zone type="Europe/Sofia">
				<exemplarCity>Sofia</exemplarCity>
			</zone>
			<zone type="Asia/Bahrain">
				<exemplarCity>Bahrain</exemplarCity>
			</zone>
			<zone type="Africa/Bujumbura">
				<exemplarCity>Bujumbura</exemplarCity>
			</zone>
			<zone type="Africa/Porto-Novo">
				<exemplarCity>Porto-Novo</exemplarCity>
			</zone>
			<zone type="Atlantic/Bermuda">
				<exemplarCity>Bermuda</exemplarCity>
			</zone>
			<zone type="Asia/Brunei">
				<exemplarCity>Brunei</exemplarCity>
			</zone>
			<zone type="America/La_Paz">
				<exemplarCity>La Paz</exemplarCity>
			</zone>
			<zone type="America/Kralendijk">
				<exemplarCity>Kralendijk</exemplarCity>
			</zone>
			<zone type="America/Eirunepe">
				<exemplarCity>Eirunepe</exemplarCity>
			</zone>
			<zone type="America/Rio_Branco">
				<exemplarCity>Rio Branco</exemplarCity>
			</zone>
			<zone type="America/Porto_Velho">
				<exemplarCity>Porto Velho</exemplarCity>
			</zone>
			<zone type="America/Boa_Vista">
				<exemplarCity>Boa Vista</exemplarCity>
			</zone>
			<zone type="America/Manaus">
				<exemplarCity>Manaus</exemplarCity>
			</zone>
			<zone type="America/Cuiaba">
				<exemplarCity>Cuiaba</exemplarCity>
			</zone>
			<zone type="America/Santarem">
				<exemplarCity>Santarem</exemplarCity>
			</zone>
			<zone type="America/Campo_Grande">
				<exemplarCity>Campo Grande</exemplarCity>
			</zone>
			<zone type="America/Belem">
				<exemplarCity>Belem</exemplarCity>
			</zone>
			<zone type="America/Araguaina">
				<exemplarCity>Araguaina</exemplarCity>
			</zone>
			<zone type="America/Sao_Paulo">
				<exemplarCity>Sao Paulo</exemplarCity>
			</zone>
			<zone type="America/Bahia">
				<exemplarCity>Bahia</exemplarCity>
			</zone>
			<zone type="America/Fortaleza">
				<exemplarCity>Fortaleza</exemplarCity>
			</zone>
			<zone type="America/Maceio">
				<exemplarCity>Maceio</exemplarCity>
			</zone>
			<zone type="America/Recife">
				<exemplarCity>Recife</exemplarCity>
			</zone>
			<zone type="America/Noronha">
				<exemplarCity>Noronha</exemplarCity>
			</zone>
			<zone type="America/Nassau">
				<exemplarCity>Nassau</exemplarCity>
			</zone>
			<zone type="Asia/Thimphu">
				<exemplarCity>Thimphu</exemplarCity>
			</zone>
			<zone type="Africa/Gaborone">
				<exemplarCity>Gaborone</exemplarCity>
			</zone>
			<zone type="Europe/Minsk">
				<exemplarCity>Minsk</exemplarCity>
			</zone>
			<zone type="America/Belize">
				<exemplarCity>Belize</exemplarCity>
			</zone>
			<zone type="America/Dawson">
				<exemplarCity>Dawson</exemplarCity>
			</zone>
			<zone type="America/Whitehorse">
				<exemplarCity>Whitehorse</exemplarCity>
			</zone>
			<zone type="America/Inuvik">
				<exemplarCity>Inuvik</exemplarCity>
			</zone>
			<zone type="America/Vancouver">
				<exemplarCity>Vancouver</exemplarCity>
			</zone>
			<zone type="America/Dawson_Creek">
				<exemplarCity>Dawson Creek</exemplarCity>
			</zone>
			<zone type="America/Creston">
				<exemplarCity>Creston</exemplarCity>
			</zone>
			<zone type="America/Yellowknife">
				<exemplarCity>Yellowknife</exemplarCity>
			</zone>
			<zone type="America/Edmonton">
				<exemplarCity>Edmonton</exemplarCity>
			</zone>
			<zone type="America/Swift_Current">
				<exemplarCity>Swift Current</exemplarCity>
			</zone>
			<zone type="America/Cambridge_Bay">
				<exemplarCity>Cambridge Bay</exemplarCity>
			</zone>
			<zone type="America/Regina">
				<exemplarCity>Regina</exemplarCity>
			</zone>
			<zone type="America/Winnipeg">
				<exemplarCity>Winnipeg</exemplarCity>
			</zone>
			<zone type="America/Resolute">
				<exemplarCity>Resolute</exemplarCity>
			</zone>
			<zone type="America/Rainy_River">
				<exemplarCity>Rainy River</exemplarCity>
			</zone>
			<zone type="America/Rankin_Inlet">
				<exemplarCity>Rankin Inlet</exemplarCity>
			</zone>
			<zone type="America/Coral_Harbour">
				<exemplarCity>Atikokan</exemplarCity>
			</zone>
			<zone type="America/Thunder_Bay">
				<exemplarCity>Thunder Bay</exemplarCity>
			</zone>
			<zone type="America/Nipigon">
				<exemplarCity>Nipigon</exemplarCity>
			</zone>
			<zone type="America/Toronto">
				<exemplarCity>Toronto</exemplarCity>
			</zone>
			<zone type="America/Iqaluit">
				<exemplarCity>Iqaluit</exemplarCity>
			</zone>
			<zone type="America/Pangnirtung">
				<exemplarCity>Pangnirtung</exemplarCity>
			</zone>
			<zone type="America/Moncton">
				<exemplarCity>Moncton</exemplarCity>
			</zone>
			<zone type="America/Halifax">
				<exemplarCity>Halifax</exemplarCity>
			</zone>
			<zone type="America/Goose_Bay">
				<exemplarCity>Goose Bay</exemplarCity>
			</zone>
			<zone type="America/Glace_Bay">
				<exemplarCity>Glace Bay</exemplarCity>
			</zone>
			<zone type="America/Blanc-Sablon">
				<exemplarCity>Blanc-Sablon</exemplarCity>
			</zone>
			<zone type="Indian/Cocos">
				<exemplarCity>Cocos</exemplarCity>
			</zone>
			<zone type="Africa/Kinshasa">
				<exemplarCity>Kinshasa</exemplarCity>
			</zone>
			<zone type="Africa/Lubumbashi">
				<exemplarCity>Lubumbashi</exemplarCity>
			</zone>
			<zone type="Africa/Bangui">
				<exemplarCity>Bangui</exemplarCity>
			</zone>
			<zone type="Africa/Brazzaville">
				<exemplarCity>Brazzaville</exemplarCity>
			</zone>
			<zone type="Europe/Zurich">
				<exemplarCity>Zurich</exemplarCity>
			</zone>
			<zone type="Africa/Abidjan">
				<exemplarCity>Abidjan</exemplarCity>
			</zone>
			<zone type="Pacific/Rarotonga">
				<exemplarCity>Rarotonga</exemplarCity>
			</zone>
			<zone type="Pacific/Easter">
				<exemplarCity>Easter</exemplarCity>
			</zone>
			<zone type="America/Santiago">
				<exemplarCity>Santiago</exemplarCity>
			</zone>
			<zone type="Africa/Douala">
				<exemplarCity>Douala</exemplarCity>
			</zone>
			<zone type="Asia/Urumqi">
				<exemplarCity>Urumqi</exemplarCity>
			</zone>
			<zone type="Asia/Shanghai">
				<exemplarCity>Shanghai</exemplarCity>
			</zone>
			<zone type="America/Bogota">
				<exemplarCity>Bogota</exemplarCity>
			</zone>
			<zone type="America/Costa_Rica">
				<exemplarCity>Costa Rica</exemplarCity>
			</zone>
			<zone type="America/Havana">
				<exemplarCity>Havana</exemplarCity>
			</zone>
			<zone type="Atlantic/Cape_Verde">
				<exemplarCity>Cape Verde</exemplarCity>
			</zone>
			<zone type="Indian/Christmas">
				<exemplarCity>Christmas</exemplarCity>
			</zone>
			<zone type="Asia/Nicosia">
				<exemplarCity>Nicosia</exemplarCity>
			</zone>
			<zone type="Europe/Prague">
				<exemplarCity>Prague</exemplarCity>
			</zone>
			<zone type="Europe/Busingen">
				<exemplarCity>Busingen</exemplarCity>
			</zone>
			<zone type="Europe/Berlin">
				<exemplarCity>Berlin</exemplarCity>
			</zone>
			<zone type="Africa/Djibouti">
				<exemplarCity>Djibouti</exemplarCity>
			</zone>
			<zone type="Europe/Copenhagen">
				<exemplarCity>Copenhagen</exemplarCity>
			</zone>
			<zone type="America/Dominica">
				<exemplarCity>Dominica</exemplarCity>
			</zone>
			<zone type="America/Santo_Domingo">
				<exemplarCity>Santo Domingo</exemplarCity>
			</zone>
			<zone type="Africa/Algiers">
				<exemplarCity>Algiers</exemplarCity>
			</zone>
			<zone type="Pacific/Galapagos">
				<exemplarCity>Galapagos</exemplarCity>
			</zone>
			<zone type="America/Guayaquil">
				<exemplarCity>Guayaquil</exemplarCity>
			</zone>
			<zone type="Europe/Tallinn">
				<exemplarCity>Tallinn</exemplarCity>
			</zone>
			<zone type="Africa/Cairo">
				<exemplarCity>Cairo</exemplarCity>
			</zone>
			<zone type="Africa/El_Aaiun">
				<exemplarCity>El Aaiun</exemplarCity>
			</zone>
			<zone type="Africa/Asmera">
				<exemplarCity>Asmara</exemplarCity>
			</zone>
			<zone type="Atlantic/Canary">
				<exemplarCity>Canary</exemplarCity>
			</zone>
			<zone type="Africa/Ceuta">
				<exemplarCity>Ceuta</exemplarCity>
			</zone>
			<zone type="Europe/Madrid">
				<exemplarCity>Madrid</exemplarCity>
			</zone>
			<zone type="Africa/Addis_Ababa">
				<exemplarCity>Addis Ababa</exemplarCity>
			</zone>
			<zone type="Europe/Helsinki">
				<exemplarCity>Helsinki</exemplarCity>
			</zone>
			<zone type="Pacific/Fiji">
				<exemplarCity>Fiji</exemplarCity>
			</zone>
			<zone type="Atlantic/Stanley">
				<exemplarCity>Stanley</exemplarCity>
			</zone>
			<zone type="Pacific/Truk">
				<exemplarCity>Chuuk</exemplarCity>
			</zone>
			<zone type="Pacific/Ponape">
				<exemplarCity>Pohnpei</exemplarCity>
			</zone>
			<zone type="Pacific/Kosrae">
				<exemplarCity>Kosrae</exemplarCity>
			</zone>
			<zone type="Atlantic/Faeroe">
				<exemplarCity>Faroe</exemplarCity>
			</zone>
			<zone type="Europe/Paris">
				<exemplarCity>Paris</exemplarCity>
			</zone>
			<zone type="Africa/Libreville">
				<exemplarCity>Libreville</exemplarCity>
			</zone>
			<zone type="Europe/London">
				<short>
					<daylight>BST</daylight>
				</short>
				<exemplarCity>London</exemplarCity>
			</zone>
			<zone type="America/Grenada">
				<exemplarCity>Grenada</exemplarCity>
			</zone>
			<zone type="Asia/Tbilisi">
				<exemplarCity>Tbilisi</exemplarCity>
			</zone>
			<zone type="America/Cayenne">
				<exemplarCity>Cayenne</exemplarCity>
			</zone>
			<zone type="Europe/Guernsey">
				<exemplarCity>Guernsey</exemplarCity>
			</zone>
			<zone type="Africa/Accra">
				<exemplarCity>Accra</exemplarCity>
			</zone>
			<zone type="Europe/Gibraltar">
				<exemplarCity>Gibraltar</exemplarCity>
			</zone>
			<zone type="America/Thule">
				<exemplarCity>Thule</exemplarCity>
			</zone>
			<zone type="America/Godthab">
				<exemplarCity>Nuuk</exemplarCity>
			</zone>
			<zone type="America/Scoresbysund">
				<exemplarCity>Ittoqqortoormiit</exemplarCity>
			</zone>
			<zone type="America/Danmarkshavn">
				<exemplarCity>Danmarkshavn</exemplarCity>
			</zone>
			<zone type="Africa/Banjul">
				<exemplarCity>Banjul</exemplarCity>
			</zone>
			<zone type="Africa/Conakry">
				<exemplarCity>Conakry</exemplarCity>
			</zone>
			<zone type="America/Guadeloupe">
				<exemplarCity>Guadeloupe</exemplarCity>
			</zone>
			<zone type="Africa/Malabo">
				<exemplarCity>Malabo</exemplarCity>
			</zone>
			<zone type="Europe/Athens">
				<exemplarCity>Athens</exemplarCity>
			</zone>
			<zone type="Atlantic/South_Georgia">
				<exemplarCity>South Georgia</exemplarCity>
			</zone>
			<zone type="America/Guatemala">
				<exemplarCity>Guatemala</exemplarCity>
			</zone>
			<zone type="Pacific/Guam">
				<exemplarCity>Guam</exemplarCity>
			</zone>
			<zone type="Africa/Bissau">
				<exemplarCity>Bissau</exemplarCity>
			</zone>
			<zone type="America/Guyana">
				<exemplarCity>Guyana</exemplarCity>
			</zone>
			<zone type="Asia/Hong_Kong">
				<exemplarCity>Hong Kong</exemplarCity>
			</zone>
			<zone type="America/Tegucigalpa">
				<exemplarCity>Tegucigalpa</exemplarCity>
			</zone>
			<zone type="Europe/Zagreb">
				<exemplarCity>Zagreb</exemplarCity>
			</zone>
			<zone type="America/Port-au-Prince">
				<exemplarCity>Port-au-Prince</exemplarCity>
			</zone>
			<zone type="Europe/Budapest">
				<exemplarCity>Budapest</exemplarCity>
			</zone>
			<zone type="Asia/Jakarta">
				<exemplarCity>Jakarta</exemplarCity>
			</zone>
			<zone type="Asia/Pontianak">
				<exemplarCity>Pontianak</exemplarCity>
			</zone>
			<zone type="Asia/Makassar">
				<exemplarCity>Makassar</exemplarCity>
			</zone>
			<zone type="Asia/Jayapura">
				<exemplarCity>Jayapura</exemplarCity>
			</zone>
			<zone type="Europe/Dublin">
				<exemplarCity>Dublin</exemplarCity>
			</zone>
			<zone type="Asia/Jerusalem">
				<exemplarCity>Jerusalem</exemplarCity>
			</zone>
			<zone type="Europe/Isle_of_Man">
				<exemplarCity>Isle of Man</exemplarCity>
			</zone>
			<zone type="Asia/Calcutta">
				<exemplarCity>Kolkata</exemplarCity>
			</zone>
			<zone type="Indian/Chagos">
				<exemplarCity>Chagos</exemplarCity>
			</zone>
			<zone type="Asia/Baghdad">
				<exemplarCity>Baghdad</exemplarCity>
			</zone>
			<zone type="Asia/Tehran">
				<exemplarCity>Tehran</exemplarCity>
			</zone>
			<zone type="Atlantic/Reykjavik">
				<exemplarCity>Reykjavik</exemplarCity>
			</zone>
			<zone type="Europe/Rome">
				<exemplarCity>Rome</exemplarCity>
			</zone>
			<zone type="Europe/Jersey">
				<exemplarCity>Jersey</exemplarCity>
			</zone>
			<zone type="America/Jamaica">
				<exemplarCity>Jamaica</exemplarCity>
			</zone>
			<zone type="Asia/Amman">
				<exemplarCity>Amman</exemplarCity>
			</zone>
			<zone type="Asia/Tokyo">
				<exemplarCity>Tokyo</exemplarCity>
			</zone>
			<zone type="Africa/Nairobi">
				<exemplarCity>Nairobi</exemplarCity>
			</zone>
			<zone type="Asia/Bishkek">
				<exemplarCity>Bishkek</exemplarCity>
			</zone>
			<zone type="Asia/Phnom_Penh">
				<exemplarCity>Phnom Penh</exemplarCity>
			</zone>
			<zone type="Pacific/Enderbury">
				<exemplarCity>Enderbury</exemplarCity>
			</zone>
			<zone type="Pacific/Kiritimati">
				<exemplarCity>Kiritimati</exemplarCity>
			</zone>
			<zone type="Pacific/Tarawa">
				<exemplarCity>Tarawa</exemplarCity>
			</zone>
			<zone type="Indian/Comoro">
				<exemplarCity>Comoro</exemplarCity>
			</zone>
			<zone type="Asia/Pyongyang">
				<exemplarCity>Pyongyang</exemplarCity>
			</zone>
			<zone type="Asia/Seoul">
				<exemplarCity>Seoul</exemplarCity>
			</zone>
			<zone type="Asia/Kuwait">
				<exemplarCity>Kuwait</exemplarCity>
			</zone>
			<zone type="America/Cayman">
				<exemplarCity>Cayman</exemplarCity>
			</zone>
			<zone type="Asia/Oral">
				<exemplarCity>Oral</exemplarCity>
			</zone>
			<zone type="Asia/Aqtobe">
				<exemplarCity>Aqtobe</exemplarCity>
			</zone>
			<zone type="Asia/Qyzylorda">
				<exemplarCity>Qyzylorda</exemplarCity>
			</zone>
			<zone type="Asia/Almaty">
				<exemplarCity>Almaty</exemplarCity>
			</zone>
			<zone type="Asia/Vientiane">
				<exemplarCity>Vientiane</exemplarCity>
			</zone>
			<zone type="Asia/Beirut">
				<exemplarCity>Beirut</exemplarCity>
			</zone>
			<zone type="Europe/Vaduz">
				<exemplarCity>Vaduz</exemplarCity>
			</zone>
			<zone type="Asia/Colombo">
				<exemplarCity>Colombo</exemplarCity>
			</zone>
			<zone type="Africa/Monrovia">
				<exemplarCity>Monrovia</exemplarCity>
			</zone>
			<zone type="Africa/Maseru">
				<exemplarCity>Maseru</exemplarCity>
			</zone>
			<zone type="Europe/Vilnius">
				<exemplarCity>Vilnius</exemplarCity>
			</zone>
			<zone type="Europe/Luxembourg">
				<exemplarCity>Luxembourg</exemplarCity>
			</zone>
			<zone type="Europe/Riga">
				<exemplarCity>Riga</exemplarCity>
			</zone>
			<zone type="Africa/Tripoli">
				<exemplarCity>Tripoli</exemplarCity>
			</zone>
			<zone type="Africa/Casablanca">
				<exemplarCity>Casablanca</exemplarCity>
			</zone>
			<zone type="Europe/Monaco">
				<exemplarCity>Monaco</exemplarCity>
			</zone>
			<zone type="Europe/Chisinau">
				<exemplarCity>Chisinau</exemplarCity>
			</zone>
			<zone type="Europe/Podgorica">
				<exemplarCity>Podgorica</exemplarCity>
			</zone>
			<zone type="America/Marigot">
				<exemplarCity>Marigot</exemplarCity>
			</zone>
			<zone type="Indian/Antananarivo">
				<exemplarCity>Antananarivo</exemplarCity>
			</zone>
			<zone type="Pacific/Kwajalein">
				<exemplarCity>Kwajalein</exemplarCity>
			</zone>
			<zone type="Pacific/Majuro">
				<exemplarCity>Majuro</exemplarCity>
			</zone>
			<zone type="Europe/Skopje">
				<exemplarCity>Skopje</exemplarCity>
			</zone>
			<zone type="Africa/Bamako">
				<exemplarCity>Bamako</exemplarCity>
			</zone>
			<zone type="Asia/Hovd">
				<exemplarCity>Hovd</exemplarCity>
			</zone>
			<zone type="Asia/Ulaanbaatar">
				<exemplarCity>Ulaanbaatar</exemplarCity>
			</zone>
			<zone type="Asia/Choibalsan">
				<exemplarCity>Choibalsan</exemplarCity>
			</zone>
			<zone type="Pacific/Saipan">
				<exemplarCity>Saipan</exemplarCity>
			</zone>
			<zone type="America/Martinique">
				<exemplarCity>Martinique</exemplarCity>
			</zone>
			<zone type="Africa/Nouakchott">
				<exemplarCity>Nouakchott</exemplarCity>
			</zone>
			<zone type="America/Montserrat">
				<exemplarCity>Montserrat</exemplarCity>
			</zone>
			<zone type="Europe/Malta">
				<exemplarCity>Malta</exemplarCity>
			</zone>
			<zone type="Indian/Mauritius">
				<exemplarCity>Mauritius</exemplarCity>
			</zone>
			<zone type="Indian/Maldives">
				<exemplarCity>Maldives</exemplarCity>
			</zone>
			<zone type="Africa/Blantyre">
				<exemplarCity>Blantyre</exemplarCity>
			</zone>
			<zone type="America/Tijuana">
				<exemplarCity>Tijuana</exemplarCity>
			</zone>
			<zone type="America/Hermosillo">
				<exemplarCity>Hermosillo</exemplarCity>
			</zone>
			<zone type="America/Mazatlan">
				<exemplarCity>Mazatlan</exemplarCity>
			</zone>
			<zone type="America/Chihuahua">
				<exemplarCity>Chihuahua</exemplarCity>
			</zone>
			<zone type="America/Bahia_Banderas">
				<exemplarCity>Bahia Banderas</exemplarCity>
			</zone>
			<zone type="America/Ojinaga">
				<exemplarCity>Ojinaga</exemplarCity>
			</zone>
			<zone type="America/Monterrey">
				<exemplarCity>Monterrey</exemplarCity>
			</zone>
			<zone type="America/Mexico_City">
				<exemplarCity>Mexico City</exemplarCity>
			</zone>
			<zone type="America/Matamoros">
				<exemplarCity>Matamoros</exemplarCity>
			</zone>
			<zone type="America/Merida">
				<exemplarCity>Merida</exemplarCity>
			</zone>
			<zone type="America/Cancun">
				<exemplarCity>Cancun</exemplarCity>
			</zone>
			<zone type="Asia/Kuala_Lumpur">
				<exemplarCity>Kuala Lumpur</exemplarCity>
			</zone>
			<zone type="Asia/Kuching">
				<exemplarCity>Kuching</exemplarCity>
			</zone>
			<zone type="Africa/Maputo">
				<exemplarCity>Maputo</exemplarCity>
			</zone>
			<zone type="Africa/Windhoek">
				<exemplarCity>Windhoek</exemplarCity>
			</zone>
			<zone type="Pacific/Noumea">
				<exemplarCity>Noumea</exemplarCity>
			</zone>
			<zone type="Africa/Niamey">
				<exemplarCity>Niamey</exemplarCity>
			</zone>
			<zone type="Pacific/Norfolk">
				<exemplarCity>Norfolk</exemplarCity>
			</zone>
			<zone type="Africa/Lagos">
				<exemplarCity>Lagos</exemplarCity>
			</zone>
			<zone type="America/Managua">
				<exemplarCity>Managua</exemplarCity>
			</zone>
			<zone type="Europe/Amsterdam">
				<exemplarCity>Amsterdam</exemplarCity>
			</zone>
			<zone type="Europe/Oslo">
				<exemplarCity>Oslo</exemplarCity>
			</zone>
			<zone type="Asia/Katmandu">
				<exemplarCity>Kathmandu</exemplarCity>
			</zone>
			<zone type="Pacific/Nauru">
				<exemplarCity>Nauru</exemplarCity>
			</zone>
			<zone type="Pacific/Niue">
				<exemplarCity>Niue</exemplarCity>
			</zone>
			<zone type="Pacific/Chatham">
				<exemplarCity>Chatham</exemplarCity>
			</zone>
			<zone type="Pacific/Auckland">
				<exemplarCity>Auckland</exemplarCity>
			</zone>
			<zone type="Asia/Muscat">
				<exemplarCity>Muscat</exemplarCity>
			</zone>
			<zone type="America/Panama">
				<exemplarCity>Panama</exemplarCity>
			</zone>
			<zone type="America/Lima">
				<exemplarCity>Lima</exemplarCity>
			</zone>
			<zone type="Pacific/Tahiti">
				<exemplarCity>Tahiti</exemplarCity>
			</zone>
			<zone type="Pacific/Marquesas">
				<exemplarCity>Marquesas</exemplarCity>
			</zone>
			<zone type="Pacific/Gambier">
				<exemplarCity>Gambier</exemplarCity>
			</zone>
			<zone type="Pacific/Port_Moresby">
				<exemplarCity>Port Moresby</exemplarCity>
			</zone>
			<zone type="Asia/Manila">
				<exemplarCity>Manila</exemplarCity>
			</zone>
			<zone type="Asia/Karachi">
				<exemplarCity>Karachi</exemplarCity>
			</zone>
			<zone type="Europe/Warsaw">
				<exemplarCity>Warsaw</exemplarCity>
			</zone>
			<zone type="America/Miquelon">
				<exemplarCity>Miquelon</exemplarCity>
			</zone>
			<zone type="Pacific/Pitcairn">
				<exemplarCity>Pitcairn</exemplarCity>
			</zone>
			<zone type="America/Puerto_Rico">
				<exemplarCity>Puerto Rico</exemplarCity>
			</zone>
			<zone type="Asia/Gaza">
				<exemplarCity>Gaza</exemplarCity>
			</zone>
			<zone type="Asia/Hebron">
				<exemplarCity>Hebron</exemplarCity>
			</zone>
			<zone type="Atlantic/Azores">
				<exemplarCity>Azores</exemplarCity>
			</zone>
			<zone type="Atlantic/Madeira">
				<exemplarCity>Madeira</exemplarCity>
			</zone>
			<zone type="Europe/Lisbon">
				<exemplarCity>Lisbon</exemplarCity>
			</zone>
			<zone type="Pacific/Palau">
				<exemplarCity>Palau</exemplarCity>
			</zone>
			<zone type="Asia/Qatar">
				<exemplarCity>Qatar</exemplarCity>
			</zone>
			<zone type="Europe/Bucharest">
				<exemplarCity>Bucharest</exemplarCity>
			</zone>
			<zone type="Europe/Belgrade">
				<exemplarCity>Belgrade</exemplarCity>
			</zone>
			<zone type="Europe/Kaliningrad">
				<exemplarCity>Kaliningrad</exemplarCity>
			</zone>
			<zone type="Europe/Moscow">
				<exemplarCity>Moscow</exemplarCity>
			</zone>
			<zone type="Europe/Volgograd">
				<exemplarCity>Volgograd</exemplarCity>
			</zone>
			<zone type="Europe/Samara">
				<exemplarCity>Samara</exemplarCity>
			</zone>
			<zone type="Asia/Yekaterinburg">
				<exemplarCity>Yekaterinburg</exemplarCity>
			</zone>
			<zone type="Asia/Omsk">
				<exemplarCity>Omsk</exemplarCity>
			</zone>
			<zone type="Asia/Novosibirsk">
				<exemplarCity>Novosibirsk</exemplarCity>
			</zone>
			<zone type="Asia/Novokuznetsk">
				<exemplarCity>Novokuznetsk</exemplarCity>
			</zone>
			<zone type="Asia/Krasnoyarsk">
				<exemplarCity>Krasnoyarsk</exemplarCity>
			</zone>
			<zone type="Asia/Irkutsk">
				<exemplarCity>Irkutsk</exemplarCity>
			</zone>
			<zone type="Asia/Yakutsk">
				<exemplarCity>Yakutsk</exemplarCity>
			</zone>
			<zone type="Asia/Vladivostok">
				<exemplarCity>Vladivostok</exemplarCity>
			</zone>
			<zone type="Asia/Khandyga">
				<exemplarCity>Khandyga</exemplarCity>
			</zone>
			<zone type="Asia/Sakhalin">
				<exemplarCity>Sakhalin</exemplarCity>
			</zone>
			<zone type="Asia/Ust-Nera">
				<exemplarCity>Ust-Nera</exemplarCity>
			</zone>
			<zone type="Asia/Magadan">
				<exemplarCity>Magadan</exemplarCity>
			</zone>
			<zone type="Asia/Kamchatka">
				<exemplarCity>Kamchatka</exemplarCity>
			</zone>
			<zone type="Asia/Anadyr">
				<exemplarCity>Anadyr</exemplarCity>
			</zone>
			<zone type="Africa/Kigali">
				<exemplarCity>Kigali</exemplarCity>
			</zone>
			<zone type="Asia/Riyadh">
				<exemplarCity>Riyadh</exemplarCity>
			</zone>
			<zone type="Pacific/Guadalcanal">
				<exemplarCity>Guadalcanal</exemplarCity>
			</zone>
			<zone type="Indian/Mahe">
				<exemplarCity>Mahe</exemplarCity>
			</zone>
			<zone type="Africa/Khartoum">
				<exemplarCity>Khartoum</exemplarCity>
			</zone>
			<zone type="Europe/Stockholm">
				<exemplarCity>Stockholm</exemplarCity>
			</zone>
			<zone type="Asia/Singapore">
				<exemplarCity>Singapore</exemplarCity>
			</zone>
			<zone type="Europe/Ljubljana">
				<exemplarCity>Ljubljana</exemplarCity>
			</zone>
			<zone type="Arctic/Longyearbyen">
				<exemplarCity>Longyearbyen</exemplarCity>
			</zone>
			<zone type="Europe/Bratislava">
				<exemplarCity>Bratislava</exemplarCity>
			</zone>
			<zone type="Africa/Freetown">
				<exemplarCity>Freetown</exemplarCity>
			</zone>
			<zone type="Europe/San_Marino">
				<exemplarCity>San Marino</exemplarCity>
			</zone>
			<zone type="Africa/Dakar">
				<exemplarCity>Dakar</exemplarCity>
			</zone>
			<zone type="Africa/Mogadishu">
				<exemplarCity>Mogadishu</exemplarCity>
			</zone>
			<zone type="America/Paramaribo">
				<exemplarCity>Paramaribo</exemplarCity>
			</zone>
			<zone type="Africa/Juba">
				<exemplarCity>Juba</exemplarCity>
			</zone>
			<zone type="America/El_Salvador">
				<exemplarCity>El Salvador</exemplarCity>
			</zone>
			<zone type="America/Lower_Princes">
				<exemplarCity>Lower Prince’s Quarter</exemplarCity>
			</zone>
			<zone type="Asia/Damascus">
				<exemplarCity>Damascus</exemplarCity>
			</zone>
			<zone type="Africa/Mbabane">
				<exemplarCity>Mbabane</exemplarCity>
			</zone>
			<zone type="America/Grand_Turk">
				<exemplarCity>Grand Turk</exemplarCity>
			</zone>
			<zone type="Africa/Ndjamena">
				<exemplarCity>Ndjamena</exemplarCity>
			</zone>
			<zone type="Indian/Kerguelen">
				<exemplarCity>Kerguelen</exemplarCity>
			</zone>
			<zone type="Africa/Lome">
				<exemplarCity>Lome</exemplarCity>
			</zone>
			<zone type="Asia/Bangkok">
				<exemplarCity>Bangkok</exemplarCity>
			</zone>
			<zone type="Asia/Dushanbe">
				<exemplarCity>Dushanbe</exemplarCity>
			</zone>
			<zone type="Pacific/Fakaofo">
				<exemplarCity>Fakaofo</exemplarCity>
			</zone>
			<zone type="Asia/Dili">
				<exemplarCity>Dili</exemplarCity>
			</zone>
			<zone type="Asia/Ashgabat">
				<exemplarCity>Ashgabat</exemplarCity>
			</zone>
			<zone type="Africa/Tunis">
				<exemplarCity>Tunis</exemplarCity>
			</zone>
			<zone type="Pacific/Tongatapu">
				<exemplarCity>Tongatapu</exemplarCity>
			</zone>
			<zone type="Europe/Istanbul">
				<exemplarCity>Istanbul</exemplarCity>
			</zone>
			<zone type="America/Port_of_Spain">
				<exemplarCity>Port of Spain</exemplarCity>
			</zone>
			<zone type="Pacific/Funafuti">
				<exemplarCity>Funafuti</exemplarCity>
			</zone>
			<zone type="Asia/Taipei">
				<exemplarCity>Taipei</exemplarCity>
			</zone>
			<zone type="Africa/Dar_es_Salaam">
				<exemplarCity>Dar es Salaam</exemplarCity>
			</zone>
			<zone type="Europe/Simferopol">
				<exemplarCity>Simferopol</exemplarCity>
			</zone>
			<zone type="Europe/Zaporozhye">
				<exemplarCity>Zaporozhye</exemplarCity>
			</zone>
			<zone type="Africa/Kampala">
				<exemplarCity>Kampala</exemplarCity>
			</zone>
			<zone type="Pacific/Midway">
				<exemplarCity>Midway</exemplarCity>
			</zone>
			<zone type="Pacific/Wake">
				<exemplarCity>Wake</exemplarCity>
			</zone>
			<zone type="America/Adak">
				<exemplarCity>Adak</exemplarCity>
			</zone>
			<zone type="America/Nome">
				<exemplarCity>Nome</exemplarCity>
			</zone>
			<zone type="America/Anchorage">
				<exemplarCity>Anchorage</exemplarCity>
			</zone>
			<zone type="America/Yakutat">
				<exemplarCity>Yakutat</exemplarCity>
			</zone>
			<zone type="America/Sitka">
				<exemplarCity>Sitka</exemplarCity>
			</zone>
			<zone type="America/Juneau">
				<exemplarCity>Juneau</exemplarCity>
			</zone>
			<zone type="America/Metlakatla">
				<exemplarCity>Metlakatla</exemplarCity>
			</zone>
			<zone type="America/Los_Angeles">
				<exemplarCity>Los Angeles</exemplarCity>
			</zone>
			<zone type="America/Boise">
				<exemplarCity>Boise</exemplarCity>
			</zone>
			<zone type="America/Phoenix">
				<exemplarCity>Phoenix</exemplarCity>
			</zone>
			<zone type="America/Denver">
				<exemplarCity>Denver</exemplarCity>
			</zone>
			<zone type="America/North_Dakota/Beulah">
				<exemplarCity>Beulah, North Dakota</exemplarCity>
			</zone>
			<zone type="America/North_Dakota/New_Salem">
				<exemplarCity>New Salem, North Dakota</exemplarCity>
			</zone>
			<zone type="America/North_Dakota/Center">
				<exemplarCity>Center, North Dakota</exemplarCity>
			</zone>
			<zone type="America/Chicago">
				<exemplarCity>Chicago</exemplarCity>
			</zone>
			<zone type="America/Menominee">
				<exemplarCity>Menominee</exemplarCity>
			</zone>
			<zone type="America/Indiana/Vincennes">
				<exemplarCity>Vincennes, Indiana</exemplarCity>
			</zone>
			<zone type="America/Indiana/Petersburg">
				<exemplarCity>Petersburg, Indiana</exemplarCity>
			</zone>
			<zone type="America/Indiana/Tell_City">
				<exemplarCity>Tell City, Indiana</exemplarCity>
			</zone>
			<zone type="America/Indiana/Knox">
				<exemplarCity>Knox, Indiana</exemplarCity>
			</zone>
			<zone type="America/Indiana/Winamac">
				<exemplarCity>Winamac, Indiana</exemplarCity>
			</zone>
			<zone type="America/Indiana/Marengo">
				<exemplarCity>Marengo, Indiana</exemplarCity>
			</zone>
			<zone type="America/Indianapolis">
				<exemplarCity>Indianapolis</exemplarCity>
			</zone>
			<zone type="America/Louisville">
				<exemplarCity>Louisville</exemplarCity>
			</zone>
			<zone type="America/Indiana/Vevay">
				<exemplarCity>Vevay, Indiana</exemplarCity>
			</zone>
			<zone type="America/Kentucky/Monticello">
				<exemplarCity>Monticello, Kentucky</exemplarCity>
			</zone>
			<zone type="America/Detroit">
				<exemplarCity>Detroit</exemplarCity>
			</zone>
			<zone type="America/New_York">
				<exemplarCity>New York</exemplarCity>
			</zone>
			<zone type="America/Montevideo">
				<exemplarCity>Montevideo</exemplarCity>
			</zone>
			<zone type="Asia/Samarkand">
				<exemplarCity>Samarkand</exemplarCity>
			</zone>
			<zone type="Asia/Tashkent">
				<exemplarCity>Tashkent</exemplarCity>
			</zone>
			<zone type="Europe/Vatican">
				<exemplarCity>Vatican</exemplarCity>
			</zone>
			<zone type="America/Caracas">
				<exemplarCity>Caracas</exemplarCity>
			</zone>
			<zone type="America/Tortola">
				<exemplarCity>Tortola</exemplarCity>
			</zone>
			<zone type="Pacific/Efate">
				<exemplarCity>Efate</exemplarCity>
			</zone>
			<zone type="Pacific/Wallis">
				<exemplarCity>Wallis</exemplarCity>
			</zone>
			<zone type="Pacific/Apia">
				<exemplarCity>Apia</exemplarCity>
			</zone>
			<zone type="Asia/Aden">
				<exemplarCity>Aden</exemplarCity>
			</zone>
			<zone type="Africa/Johannesburg">
				<exemplarCity>Johannesburg</exemplarCity>
			</zone>
			<zone type="Africa/Lusaka">
				<exemplarCity>Lusaka</exemplarCity>
			</zone>
			<zone type="Africa/Harare">
				<exemplarCity>Harare</exemplarCity>
			</zone>
			<metazone type="Europe_Central">
				<short>
					<generic>CET</generic>
					<standard>CET</standard>
					<daylight>CEST</daylight>
				</short>
			</metazone>
			<metazone type="Europe_Eastern">
				<short>
					<generic>EET</generic>
					<standard>EET</standard>
					<daylight>EEST</daylight>
				</short>
			</metazone>
			<metazone type="Europe_Western">
				<short>
					<generic>WET</generic>
					<standard>WET</standard>
					<daylight>WEST</daylight>
				</short>
			</metazone>
		</timeZoneNames>
	</dates>
	<numbers>
		<minimumGroupingDigits draft="contributed">1</minimumGroupingDigits>
		<miscPatterns numberSystem="latn">
			<pattern type="range">{0}–{1}</pattern>
		</miscPatterns>
	</numbers>
	<units>
		<unitLength type="long">
			<unit type="volume-fluid-ounce-imperial">
				<displayName>fluid ounces</displayName>
				<unitPattern count="one">{0} fluid ounce</unitPattern>
				<unitPattern count="other">{0} fluid ounces</unitPattern>
			</unit>
		</unitLength>
		<unitLength type="short">
			<unit type="volume-fluid-ounce-imperial">
				<displayName>fl oz</displayName>
				<unitPattern count="one">{0} fl oz</unitPattern>
				<unitPattern count="other">{0} fl oz</unitPattern>
			</unit>
			<unit type="volume-jigger">
				<unitPattern count="one">{0} jigger</unitPattern>
				<unitPattern count="other">{0} jiggers</unitPattern>
			</unit>
		</unitLength>
		<durationUnit type="hm">
			<durationUnitPattern>h:mm</durationUnitPattern>
		</durationUnit>
		<durationUnit type="hms">
			<durationUnitPattern>h:mm:ss</durationUnitPattern>
		</durationUnit>
		<durationUnit type="ms">
			<durationUnitPattern>m:ss</durationUnitPattern>
		</durationUnit>
	</units>
</ldml>
