<?xml version="1.0" encoding="UTF-8" ?>
<!DOCTYPE ldml SYSTEM "../../common/dtd/ldml.dtd">
<!-- Copyright © 1991-2020 Unicode, Inc.
For terms of use, see http://www.unicode.org/copyright.html
Unicode and the Unicode Logo are registered trademarks of Unicode, Inc. in the U.S. and other countries.
CLDR data files are interpreted according to the LDML specification (http://unicode.org/reports/tr35/)
-->
<ldml>
	<identity>
		<version number="$Revision$"/>
		<language type="es"/>
		<territory type="NI"/>
	</identity>
	<localeDisplayNames>
		<languages>
			<language type="ace" draft="contributed">acehnés</language>
			<language type="arp" draft="contributed">arapaho</language>
			<language type="bho" draft="contributed">bhojpuri</language>
			<language type="eu" draft="contributed">euskera</language>
			<language type="grc" draft="contributed">griego antiguo</language>
			<language type="lo" draft="contributed">lao</language>
			<language type="nso" draft="contributed">sotho septentrional</language>
			<language type="pa" draft="contributed">punyabí</language>
			<language type="ss" draft="contributed">siswati</language>
			<language type="sw" draft="contributed">suajili</language>
			<language type="sw_CD" draft="contributed">suajili del Congo</language>
			<language type="tn" draft="contributed">setswana</language>
			<language type="wo" draft="contributed">wolof</language>
			<language type="zgh" draft="contributed">tamazight marroquí estándar</language>
		</languages>
		<territories>
			<territory type="BA" draft="contributed">Bosnia y Herzegovina</territory>
			<territory type="GB" alt="short" draft="contributed">RU</territory>
			<territory type="TA" draft="contributed">Tristán de Acuña</territory>
			<territory type="UM" draft="contributed">Islas menores alejadas de EE. UU.</territory>
		</territories>
	</localeDisplayNames>
	<numbers>
		<currencies>
			<currency type="NIO">
				<symbol>C$</symbol>
			</currency>
		</currencies>
	</numbers>
</ldml>
