<?xml version="1.0" encoding="UTF-8" ?>
<!DOCTYPE ldml SYSTEM "../../common/dtd/ldml.dtd">
<!-- Copyright © 1991-2020 Unicode, Inc.
For terms of use, see http://www.unicode.org/copyright.html
Unicode and the Unicode Logo are registered trademarks of Unicode, Inc. in the U.S. and other countries.
CLDR data files are interpreted according to the LDML specification (http://unicode.org/reports/tr35/)
-->
<ldml>
	<identity>
		<version number="$Revision$"/>
		<language type="es"/>
		<territory type="VE"/>
	</identity>
	<localeDisplayNames>
		<languages>
			<language type="ace" draft="contributed">acehnés</language>
			<language type="arp" draft="contributed">arapaho</language>
			<language type="bho" draft="contributed">bhojpuri</language>
			<language type="eu" draft="contributed">euskera</language>
			<language type="grc" draft="contributed">griego antiguo</language>
			<language type="lo" draft="contributed">lao</language>
			<language type="nso" draft="contributed">sotho septentrional</language>
			<language type="pa" draft="contributed">punyabí</language>
			<language type="ss" draft="contributed">siswati</language>
			<language type="sw" draft="contributed">suajili</language>
			<language type="sw_CD" draft="contributed">suajili del Congo</language>
			<language type="tn" draft="contributed">setswana</language>
			<language type="wo" draft="contributed">wolof</language>
			<language type="zgh" draft="contributed">tamazight marroquí estándar</language>
		</languages>
		<territories>
			<territory type="BA" draft="contributed">Bosnia y Herzegovina</territory>
			<territory type="GB" alt="short" draft="contributed">RU</territory>
			<territory type="TA" draft="contributed">Tristán de Acuña</territory>
			<territory type="UM" draft="contributed">Islas menores alejadas de EE. UU.</territory>
		</territories>
	</localeDisplayNames>
	<dates>
		<calendars>
			<calendar type="gregorian">
				<months>
					<monthContext type="format">
						<monthWidth type="abbreviated">
							<month type="1" draft="contributed">ene.</month>
							<month type="2" draft="contributed">feb.</month>
							<month type="3" draft="contributed">mar.</month>
							<month type="4" draft="contributed">abr.</month>
							<month type="5" draft="contributed">may.</month>
							<month type="6" draft="contributed">jun.</month>
							<month type="7" draft="contributed">jul.</month>
							<month type="8" draft="contributed">ago.</month>
							<month type="9" draft="contributed">sept.</month>
							<month type="10" draft="contributed">oct.</month>
							<month type="11" draft="contributed">nov.</month>
							<month type="12" draft="contributed">dic.</month>
						</monthWidth>
					</monthContext>
					<monthContext type="stand-alone">
						<monthWidth type="abbreviated">
							<month type="1" draft="contributed">ene.</month>
							<month type="2" draft="contributed">feb.</month>
							<month type="3" draft="contributed">mar.</month>
							<month type="4" draft="contributed">abr.</month>
							<month type="5" draft="contributed">may.</month>
							<month type="6" draft="contributed">jun.</month>
							<month type="7" draft="contributed">jul.</month>
							<month type="8" draft="contributed">ago.</month>
							<month type="9" draft="contributed">sept.</month>
							<month type="10" draft="contributed">oct.</month>
							<month type="11" draft="contributed">nov.</month>
							<month type="12" draft="contributed">dic.</month>
						</monthWidth>
					</monthContext>
				</months>
				<days>
					<dayContext type="format">
						<dayWidth type="short">
							<day type="sun" draft="contributed">Do</day>
							<day type="mon" draft="contributed">Lu</day>
							<day type="tue" draft="contributed">Ma</day>
							<day type="wed" draft="contributed">Mi</day>
							<day type="thu" draft="contributed">Ju</day>
							<day type="fri" draft="contributed">Vi</day>
							<day type="sat" draft="contributed">Sa</day>
						</dayWidth>
					</dayContext>
					<dayContext type="stand-alone">
						<dayWidth type="short">
							<day type="sun" draft="contributed">Do</day>
							<day type="mon" draft="contributed">Lu</day>
							<day type="tue" draft="contributed">Ma</day>
							<day type="wed" draft="contributed">Mi</day>
							<day type="thu" draft="contributed">Ju</day>
							<day type="fri" draft="contributed">Vi</day>
							<day type="sat" draft="contributed">Sa</day>
						</dayWidth>
					</dayContext>
				</days>
				<quarters>
					<quarterContext type="format">
						<quarterWidth type="wide">
							<quarter type="1" draft="contributed">1er trimestre</quarter>
							<quarter type="2" draft="contributed">2do trimestre</quarter>
							<quarter type="3" draft="contributed">3er trimestre</quarter>
							<quarter type="4" draft="contributed">4to trimestre</quarter>
						</quarterWidth>
					</quarterContext>
					<quarterContext type="stand-alone">
						<quarterWidth type="wide">
							<quarter type="1" draft="contributed">1er trimestre</quarter>
							<quarter type="2" draft="contributed">2do trimestre</quarter>
							<quarter type="3" draft="contributed">3er trimestre</quarter>
							<quarter type="4" draft="contributed">4to trimestre</quarter>
						</quarterWidth>
					</quarterContext>
				</quarters>
				<dayPeriods>
					<dayPeriodContext type="stand-alone">
						<dayPeriodWidth type="narrow">
							<dayPeriod type="noon" draft="contributed">m.</dayPeriod>
						</dayPeriodWidth>
					</dayPeriodContext>
				</dayPeriods>
				<timeFormats>
					<timeFormatLength type="full">
						<timeFormat>
							<pattern draft="contributed">h:mm:ss a zzzz</pattern>
						</timeFormat>
					</timeFormatLength>
					<timeFormatLength type="long">
						<timeFormat>
							<pattern draft="contributed">h:mm:ss a z</pattern>
						</timeFormat>
					</timeFormatLength>
					<timeFormatLength type="medium">
						<timeFormat>
							<pattern draft="contributed">h:mm:ss a</pattern>
						</timeFormat>
					</timeFormatLength>
					<timeFormatLength type="short">
						<timeFormat>
							<pattern draft="contributed">h:mm a</pattern>
						</timeFormat>
					</timeFormatLength>
				</timeFormats>
				<dateTimeFormats>
					<availableFormats>
						<dateFormatItem id="yMMMd" draft="contributed">d MMM y</dateFormatItem>
					</availableFormats>
				</dateTimeFormats>
			</calendar>
		</calendars>
		<fields>
			<field type="sun-narrow">
				<relative type="-1" draft="contributed">el Do pasado</relative>
				<relative type="0" draft="contributed">este Do</relative>
				<relative type="1" draft="contributed">el próximo Do</relative>
			</field>
			<field type="mon-narrow">
				<relative type="-1" draft="contributed">el Lu pasado</relative>
				<relative type="0" draft="contributed">este Lu</relative>
				<relative type="1" draft="contributed">el próximo Lu</relative>
			</field>
			<field type="tue-narrow">
				<relative type="-1" draft="contributed">el Ma pasado</relative>
				<relative type="0" draft="contributed">este Ma</relative>
				<relative type="1" draft="contributed">el próximo Ma</relative>
			</field>
			<field type="wed-narrow">
				<relative type="-1" draft="contributed">el Mi pasado</relative>
				<relative type="0" draft="contributed">este Mi</relative>
				<relative type="1" draft="contributed">el próximo Mi</relative>
			</field>
			<field type="thu-narrow">
				<relative type="-1" draft="contributed">el Ju pasado</relative>
				<relative type="0" draft="contributed">este Ju</relative>
				<relative type="1" draft="contributed">el próximo Ju</relative>
			</field>
			<field type="fri-narrow">
				<relative type="-1" draft="contributed">el Vi pasado</relative>
				<relative type="0" draft="contributed">este Vi</relative>
				<relative type="1" draft="contributed">el próximo Vi</relative>
			</field>
			<field type="sat-narrow">
				<relative type="-1" draft="contributed">el Sa pasado</relative>
				<relative type="0" draft="contributed">este Sa</relative>
				<relative type="1" draft="contributed">el próximo Sa</relative>
			</field>
		</fields>
		<timeZoneNames>
			<metazone type="Venezuela">
				<short>
					<standard>VET</standard>
				</short>
			</metazone>
		</timeZoneNames>
	</dates>
	<numbers>
		<symbols numberSystem="latn">
			<decimal>,</decimal>
			<group>.</group>
		</symbols>
		<currencyFormats numberSystem="latn">
			<currencyFormatLength>
				<currencyFormat type="standard">
					<pattern>¤#,##0.00;¤-#,##0.00</pattern>
				</currencyFormat>
			</currencyFormatLength>
		</currencyFormats>
		<currencies>
			<currency type="VEF">
				<symbol>Bs.</symbol>
				<symbol alt="narrow">Bs.</symbol>
			</currency>
			<currency type="VES">
				<displayName>bolívar soberano</displayName>
				<displayName count="one">bolívar soberano</displayName>
				<displayName count="other">bolívares soberanos</displayName>
				<symbol>Bs.S</symbol>
			</currency>
		</currencies>
	</numbers>
</ldml>
