<?xml version="1.0" encoding="UTF-8" ?>
<!DOCTYPE ldml SYSTEM "../../common/dtd/ldml.dtd">
<!-- Copyright © 1991-2020 Unicode, Inc.
For terms of use, see http://www.unicode.org/copyright.html
Unicode and the Unicode Logo are registered trademarks of Unicode, Inc. in the U.S. and other countries.
CLDR data files are interpreted according to the LDML specification (http://unicode.org/reports/tr35/)
-->
<ldml>
	<identity>
		<version number="$Revision$"/>
		<language type="fr"/>
		<territory type="BE"/>
	</identity>
	<localeDisplayNames>
		<languages>
			<language type="frp" draft="contributed">franco-provençal</language>
			<language type="goh" draft="contributed">ancien haut-allemand</language>
			<language type="gu" draft="contributed">gujarati</language>
			<language type="njo" draft="contributed">ao</language>
		</languages>
		<territories>
			<territory type="GS" draft="contributed">Îles Géorgie du Sud et Sandwich du Sud</territory>
		</territories>
	</localeDisplayNames>
	<dates>
		<calendars>
			<calendar type="generic">
				<dateFormats>
					<dateFormatLength type="short">
						<dateFormat>
							<pattern>d/MM/yy GGGGG</pattern>
						</dateFormat>
					</dateFormatLength>
				</dateFormats>
				<dateTimeFormats>
					<intervalFormats>
						<intervalFormatItem id="h">
							<greatestDifference id="h" draft="unconfirmed">h–h a</greatestDifference>
						</intervalFormatItem>
						<intervalFormatItem id="H">
							<greatestDifference id="H" draft="unconfirmed">HH–HH</greatestDifference>
						</intervalFormatItem>
						<intervalFormatItem id="hm">
							<greatestDifference id="m" draft="unconfirmed">h:mm–h:mm a</greatestDifference>
						</intervalFormatItem>
						<intervalFormatItem id="Hm">
							<greatestDifference id="m" draft="unconfirmed">HH:mm–HH:mm</greatestDifference>
						</intervalFormatItem>
						<intervalFormatItem id="hmv">
							<greatestDifference id="h" draft="unconfirmed">h:mm–h:mm a v</greatestDifference>
							<greatestDifference id="m" draft="unconfirmed">h:mm–h:mm a v</greatestDifference>
						</intervalFormatItem>
						<intervalFormatItem id="Hmv">
							<greatestDifference id="H" draft="unconfirmed">HH:mm–HH:mm v</greatestDifference>
							<greatestDifference id="m" draft="unconfirmed">HH:mm–HH:mm v</greatestDifference>
						</intervalFormatItem>
						<intervalFormatItem id="hv">
							<greatestDifference id="h" draft="unconfirmed">h–h a v</greatestDifference>
						</intervalFormatItem>
						<intervalFormatItem id="Hv">
							<greatestDifference id="H" draft="unconfirmed">HH–HH v</greatestDifference>
						</intervalFormatItem>
					</intervalFormats>
				</dateTimeFormats>
			</calendar>
			<calendar type="gregorian">
				<dateFormats>
					<dateFormatLength type="short">
						<dateFormat>
							<pattern>d/MM/yy</pattern>
						</dateFormat>
					</dateFormatLength>
				</dateFormats>
				<timeFormats>
					<timeFormatLength type="full">
						<timeFormat>
							<pattern>H 'h' mm 'min' ss 's' zzzz</pattern>
						</timeFormat>
					</timeFormatLength>
				</timeFormats>
			</calendar>
		</calendars>
	</dates>
</ldml>
