<?xml version="1.0" encoding="UTF-8" ?>
<!DOCTYPE ldml SYSTEM "../../common/dtd/ldml.dtd">
<!-- Copyright © 1991-2020 Unicode, Inc.
For terms of use, see http://www.unicode.org/copyright.html
Unicode and the Unicode Logo are registered trademarks of Unicode, Inc. in the U.S. and other countries.
CLDR data files are interpreted according to the LDML specification (http://unicode.org/reports/tr35/)
-->
<ldml>
	<identity>
		<version number="$Revision$"/>
		<language type="wae"/>
	</identity>
	<localeDisplayNames>
		<languages>
			<language type="ab" draft="contributed">Abčasiš</language>
			<language type="af" draft="contributed">Afrikáns</language>
			<language type="am" draft="contributed">Amhariš</language>
			<language type="ar" draft="contributed">Arabiš</language>
			<language type="as" draft="contributed">Assamesiš</language>
			<language type="ay" draft="contributed">Aymara</language>
			<language type="az" draft="contributed">Serbaidšaniš</language>
			<language type="be" draft="contributed">Wísrussiš</language>
			<language type="bg" draft="contributed">Bulgariš</language>
			<language type="bn" draft="contributed">Bengališ</language>
			<language type="bo" draft="contributed">Tibetiš</language>
			<language type="bs" draft="contributed">Bosniš</language>
			<language type="ca" draft="contributed">Katalaniš</language>
			<language type="cs" draft="contributed">Tšečiš</language>
			<language type="cy" draft="contributed">Walisiš</language>
			<language type="da" draft="contributed">Däniš</language>
			<language type="de" draft="contributed">Titš</language>
			<language type="de_AT" draft="contributed">Öštričišes Titš</language>
			<language type="de_CH" draft="contributed">Schwizer Hočtitš</language>
			<language type="dv" draft="contributed">Malediwiš</language>
			<language type="dz" draft="contributed">Butaniš</language>
			<language type="efi" draft="contributed">Efik</language>
			<language type="el" draft="contributed">Gričiš</language>
			<language type="en" draft="contributed">Engliš</language>
			<language type="en_AU" draft="contributed">Auštrališes Engliš</language>
			<language type="en_CA" draft="contributed">Kanadišes Engliš</language>
			<language type="en_GB" draft="contributed">Britišes Engliš</language>
			<language type="en_US" draft="contributed">Amerikanišes Engliš</language>
			<language type="es" draft="contributed">Schpaniš</language>
			<language type="es_419" draft="contributed">Latiamerikanišes Schpaniš</language>
			<language type="es_ES" draft="contributed">Iberišes Schpaniš</language>
			<language type="et" draft="contributed">Estniš</language>
			<language type="eu" draft="contributed">Baskiš</language>
			<language type="fa" draft="contributed">Persiš</language>
			<language type="fi" draft="contributed">Finiš</language>
			<language type="fil" draft="contributed">Filipiniš</language>
			<language type="fj" draft="contributed">Fidšianiš</language>
			<language type="fr" draft="contributed">Wälš</language>
			<language type="fr_CA" draft="contributed">Kanadišes Wälš</language>
			<language type="fr_CH" draft="contributed">Schwizer Wälš</language>
			<language type="ga" draft="contributed">Iriš</language>
			<language type="gl" draft="contributed">Galiziš</language>
			<language type="gn" draft="contributed">Guarani</language>
			<language type="gu" draft="contributed">Gujarati</language>
			<language type="ha" draft="contributed">Hausa</language>
			<language type="haw" draft="contributed">Hawaíaniš</language>
			<language type="he" draft="contributed">Hebräiš</language>
			<language type="hi" draft="contributed">Hindi</language>
			<language type="hr" draft="contributed">Kroatiš</language>
			<language type="ht" draft="contributed">Haitianiš</language>
			<language type="hu" draft="contributed">Ungariš</language>
			<language type="hy" draft="contributed">Armeniš</language>
			<language type="id" draft="contributed">Indonesiš</language>
			<language type="ig" draft="contributed">Igbo</language>
			<language type="is" draft="contributed">Iisländiš</language>
			<language type="it" draft="contributed">Italieniš</language>
			<language type="ja" draft="contributed">Japaniš</language>
			<language type="ka" draft="contributed">Georgiš</language>
			<language type="kk" draft="contributed">Kazačiš</language>
			<language type="km" draft="contributed">Kambodšaniš</language>
			<language type="kn" draft="contributed">Kannada</language>
			<language type="ko" draft="contributed">Koreaniš</language>
			<language type="ks" draft="contributed">Kašmiriš</language>
			<language type="ku" draft="contributed">Kurdiš</language>
			<language type="ky" draft="contributed">Kirgisiš</language>
			<language type="la" draft="contributed">Latiniš</language>
			<language type="lb" draft="contributed">Luxemburgiš</language>
			<language type="ln" draft="contributed">Lingala</language>
			<language type="lo" draft="contributed">Laotiš</language>
			<language type="lt" draft="contributed">Litauiš</language>
			<language type="lv" draft="contributed">Lettiš</language>
			<language type="mg" draft="contributed">Malagási</language>
			<language type="mi" draft="contributed">Maori</language>
			<language type="mk" draft="contributed">Mazedoniš</language>
			<language type="ml" draft="contributed">Malayalam</language>
			<language type="mn" draft="contributed">Mongoliš</language>
			<language type="mr" draft="contributed">Marathi</language>
			<language type="ms" draft="contributed">Malaíš</language>
			<language type="mt" draft="contributed">Maltesiš</language>
			<language type="my" draft="contributed">Burmesiš</language>
			<language type="nb" draft="contributed">Norwegiš Bokmål</language>
			<language type="nd" draft="contributed">Nordndebele</language>
			<language type="ne" draft="contributed">Nepalesiš</language>
			<language type="nl" draft="contributed">Holändiš</language>
			<language type="nl_BE" draft="contributed">Flämiš</language>
			<language type="nn" draft="contributed">Norwegiš Nynorsk</language>
			<language type="nso" draft="contributed">Nordsotho</language>
			<language type="ny" draft="contributed">Nyanja</language>
			<language type="or" draft="contributed">Oriya</language>
			<language type="os" draft="contributed">Osétiš</language>
			<language type="pa" draft="contributed">Pandšabiš</language>
			<language type="pl" draft="contributed">Polniš</language>
			<language type="ps" draft="contributed">Paštu</language>
			<language type="pt" draft="contributed">Portugisiš</language>
			<language type="pt_BR" draft="contributed">Brasilianišes Portugisiš</language>
			<language type="pt_PT" draft="contributed">Iberišes Portugisiš</language>
			<language type="qu" draft="contributed">Quečua</language>
			<language type="rm" draft="contributed">Rätromaniš</language>
			<language type="rn" draft="contributed">Rundi</language>
			<language type="ro" draft="contributed">Rumäniš</language>
			<language type="ru" draft="contributed">Rusiš</language>
			<language type="rw" draft="contributed">Ruandiš</language>
			<language type="sa" draft="contributed">Sanskrit</language>
			<language type="sah" draft="contributed">Jakutiš</language>
			<language type="sd" draft="contributed">Sindhi</language>
			<language type="se" draft="contributed">Nordsamiš</language>
			<language type="sg" draft="contributed">Sango</language>
			<language type="si" draft="contributed">Singalesiš</language>
			<language type="sk" draft="contributed">Slowakiš</language>
			<language type="sl" draft="contributed">Sloweniš</language>
			<language type="sm" draft="contributed">Samoaniš</language>
			<language type="sn" draft="contributed">Shona</language>
			<language type="so" draft="contributed">Somališ</language>
			<language type="sq" draft="contributed">Albaniš</language>
			<language type="sr" draft="contributed">Serbiš</language>
			<language type="ss" draft="contributed">Swazi</language>
			<language type="st" draft="contributed">Südsotho</language>
			<language type="su" draft="contributed">Sundanesiš</language>
			<language type="sv" draft="contributed">Schwediš</language>
			<language type="sw" draft="contributed">Suaheliš</language>
			<language type="ta" draft="contributed">Tamiliš</language>
			<language type="te" draft="contributed">Telugu</language>
			<language type="tet" draft="contributed">Tetum</language>
			<language type="tg" draft="contributed">Tadšikiš</language>
			<language type="th" draft="contributed">Thailändiš</language>
			<language type="ti" draft="contributed">Tigrinja</language>
			<language type="tk" draft="contributed">Turkmeniš</language>
			<language type="tn" draft="contributed">Tswana</language>
			<language type="to" draft="contributed">Tonga</language>
			<language type="tpi" draft="contributed">Niwmelanesiš</language>
			<language type="tr" draft="contributed">Türkiš</language>
			<language type="ts" draft="contributed">Tsonga</language>
			<language type="ty" draft="contributed">Taitiš</language>
			<language type="ug" draft="contributed">Uiguriš</language>
			<language type="uk" draft="contributed">Ukrainiš</language>
			<language type="und" draft="contributed">Unbekannti Schprač</language>
			<language type="ur" draft="contributed">Urdu</language>
			<language type="uz" draft="contributed">Usbekiš</language>
			<language type="ve" draft="contributed">Venda</language>
			<language type="vi" draft="contributed">Vietnamesiš</language>
			<language type="wae">Walser</language>
			<language type="wo" draft="contributed">Wolof</language>
			<language type="xh" draft="contributed">Xhosa</language>
			<language type="yo" draft="contributed">Yoruba</language>
			<language type="zh" draft="contributed">Chinesiš</language>
			<language type="zh_Hans" draft="contributed">Vereifačts Chinesiš</language>
			<language type="zh_Hant" draft="contributed">Traditionells Chinesiš</language>
			<language type="zu" draft="contributed">Zulu</language>
		</languages>
		<scripts>
			<script type="Arab" draft="contributed">Arabiš</script>
			<script type="Armn" draft="contributed">Armeniš</script>
			<script type="Beng" draft="contributed">Bengališ</script>
			<script type="Cyrl" draft="contributed">Kirilliš</script>
			<script type="Deva" draft="contributed">Devanagari</script>
			<script type="Ethi" draft="contributed">Ethiopiš</script>
			<script type="Geor" draft="contributed">Georgiš</script>
			<script type="Grek" draft="contributed">Gričiš</script>
			<script type="Gujr" draft="contributed">Gujarati</script>
			<script type="Hans" draft="contributed">Vereifačt</script>
			<script type="Hant" draft="contributed">Traditionell</script>
			<script type="Hebr" draft="contributed">Hebräiš</script>
			<script type="Jpan" draft="contributed">Japaniš</script>
			<script type="Khmr" draft="contributed">Khmer</script>
			<script type="Knda" draft="contributed">Kannada</script>
			<script type="Kore" draft="contributed">Korianiš</script>
			<script type="Laoo" draft="contributed">Laotiš</script>
			<script type="Latn" draft="contributed">Latiniš</script>
			<script type="Mlym" draft="contributed">Malaisiš</script>
			<script type="Mymr" draft="contributed">Burmesiš</script>
			<script type="Orya" draft="contributed">Oriya</script>
			<script type="Sinh" draft="contributed">Singalesiš</script>
			<script type="Taml" draft="contributed">Tamiliš</script>
			<script type="Telu" draft="contributed">Telugu</script>
			<script type="Thaa" draft="contributed">Thána</script>
			<script type="Thai" draft="contributed">Thai</script>
			<script type="Zxxx" draft="contributed">Schriftlos</script>
			<script type="Zzzz" draft="contributed">Unkodierti Schrift</script>
		</scripts>
		<territories>
			<territory type="001" draft="contributed">Wäld</territory>
			<territory type="002" draft="contributed">Afrika</territory>
			<territory type="003" draft="contributed">Nordamerika</territory>
			<territory type="005" draft="contributed">Südamerika</territory>
			<territory type="009" draft="contributed">Ozeanie</territory>
			<territory type="011" draft="contributed">Weštafrika</territory>
			<territory type="013" draft="contributed">Zentralamerika</territory>
			<territory type="014" draft="contributed">Oštafrika</territory>
			<territory type="015" draft="contributed">Nordafrika</territory>
			<territory type="017" draft="contributed">Mittelafrika</territory>
			<territory type="018" draft="contributed">Südličs Afrika</territory>
			<territory type="019" draft="contributed">Amerikaniš Kontinänt</territory>
			<territory type="021" draft="contributed">Nördličs Amerika</territory>
			<territory type="029" draft="contributed">Karibik</territory>
			<territory type="030" draft="contributed">Oštasie</territory>
			<territory type="034" draft="contributed">Südasie</territory>
			<territory type="035" draft="contributed">Südoštasie</territory>
			<territory type="039" draft="contributed">Südeuropa</territory>
			<territory type="053" draft="contributed">Auštralie und Niwséland</territory>
			<territory type="054" draft="contributed">Melanesie</territory>
			<territory type="057" draft="contributed">Mikronesišes Inselgebiet</territory>
			<territory type="061" draft="contributed">Polinesie</territory>
			<territory type="142" draft="contributed">Asie</territory>
			<territory type="143" draft="contributed">Zentralasie</territory>
			<territory type="145" draft="contributed">Weštasie</territory>
			<territory type="150" draft="contributed">Europa</territory>
			<territory type="151" draft="contributed">Ošteuropa</territory>
			<territory type="154" draft="contributed">Nordeuropa</territory>
			<territory type="155" draft="contributed">Wešteuropa</territory>
			<territory type="419" draft="contributed">Latíamerika</territory>
			<territory type="AC" draft="contributed">Himmelfártsinsla</territory>
			<territory type="AD" draft="contributed">Andorra</territory>
			<territory type="AE" draft="contributed">Vereinigti Arabiše Emirat</territory>
			<territory type="AF" draft="contributed">Afganištan</territory>
			<territory type="AG" draft="contributed">Antigua und Barbuda</territory>
			<territory type="AI" draft="contributed">Anguilla</territory>
			<territory type="AL" draft="contributed">Albanie</territory>
			<territory type="AM" draft="contributed">Armenie</territory>
			<territory type="AO" draft="contributed">Angola</territory>
			<territory type="AQ" draft="contributed">Antarktis</territory>
			<territory type="AR" draft="contributed">Argentinie</territory>
			<territory type="AS" draft="contributed">Amerikaniš Samoa</territory>
			<territory type="AT" draft="contributed">Öštrič</territory>
			<territory type="AU" draft="contributed">Australie</territory>
			<territory type="AW" draft="contributed">Aruba</territory>
			<territory type="AX" draft="contributed">Alandinslä</territory>
			<territory type="AZ" draft="contributed">Aserbaidšan</territory>
			<territory type="BA" draft="contributed">Bosnie und Herzegovina</territory>
			<territory type="BB" draft="contributed">Barbados</territory>
			<territory type="BD" draft="contributed">Bangladeš</territory>
			<territory type="BE" draft="contributed">Belgie</territory>
			<territory type="BF" draft="contributed">Burkina Faso</territory>
			<territory type="BG" draft="contributed">Bulgarie</territory>
			<territory type="BH" draft="contributed">Bačrain</territory>
			<territory type="BI" draft="contributed">Burundi</territory>
			<territory type="BJ" draft="contributed">Benin</territory>
			<territory type="BL" draft="contributed">St. Bartholomäus-Insla</territory>
			<territory type="BM" draft="contributed">Bermuda</territory>
			<territory type="BN" draft="contributed">Brunei</territory>
			<territory type="BO" draft="contributed">Boliwie</territory>
			<territory type="BR" draft="contributed">Brasilie</territory>
			<territory type="BS" draft="contributed">Bahamas</territory>
			<territory type="BT" draft="contributed">Bhutan</territory>
			<territory type="BV" draft="contributed">Bouvetinsla</territory>
			<territory type="BW" draft="contributed">Botswana</territory>
			<territory type="BY" draft="contributed">Wísrussland</territory>
			<territory type="BZ" draft="contributed">Belize</territory>
			<territory type="CA" draft="contributed">Kanada</territory>
			<territory type="CC" draft="contributed">Kokosinslä</territory>
			<territory type="CD" draft="contributed">Kongo-Kinshasa</territory>
			<territory type="CD" alt="variant" draft="contributed">Kongo (Demokratiši Rebublik)</territory>
			<territory type="CF" draft="contributed">Zentralafrikaniši Rebublik</territory>
			<territory type="CG" draft="contributed">Kongo Brazzaville</territory>
			<territory type="CG" alt="variant" draft="contributed">Kongo (Rebublik)</territory>
			<territory type="CH" draft="contributed">Schwiz</territory>
			<territory type="CI" draft="contributed">Elfebeiküšta</territory>
			<territory type="CI" alt="variant" draft="contributed">Côte d’Ivoire</territory>
			<territory type="CK" draft="contributed">Cookinslä</territory>
			<territory type="CL" draft="contributed">Tšile</territory>
			<territory type="CM" draft="contributed">Kamerun</territory>
			<territory type="CN" draft="contributed">China</territory>
			<territory type="CO" draft="contributed">Kolumbie</territory>
			<territory type="CP" draft="contributed">Clipperton Insla</territory>
			<territory type="CR" draft="contributed">Costa Rica</territory>
			<territory type="CU" draft="contributed">Kuba</territory>
			<territory type="CV" draft="contributed">Kap Verde</territory>
			<territory type="CX" draft="contributed">Wienäčtsinslä</territory>
			<territory type="CY" draft="contributed">Zypre</territory>
			<territory type="CZ" draft="contributed">Tšečie</territory>
			<territory type="DE" draft="contributed">Titšland</territory>
			<territory type="DG" draft="contributed">Diego Garcia</territory>
			<territory type="DJ" draft="contributed">Dšibuti</territory>
			<territory type="DK" draft="contributed">Dänemark</territory>
			<territory type="DM" draft="contributed">Doninica</territory>
			<territory type="DO" draft="contributed">Dominikaniši Rebublik</territory>
			<territory type="DZ" draft="contributed">Algerie</territory>
			<territory type="EA" draft="contributed">Ceuta und Melilla</territory>
			<territory type="EC" draft="contributed">Ecuador</territory>
			<territory type="EE" draft="contributed">Eštland</territory>
			<territory type="EG" draft="contributed">Egypte</territory>
			<territory type="EH" draft="contributed">Weštsahara</territory>
			<territory type="ER" draft="contributed">Eritrea</territory>
			<territory type="ES" draft="contributed">Schpanie</territory>
			<territory type="ET" draft="contributed">Ethiopie</territory>
			<territory type="EU" draft="contributed">Europäiši Unio</territory>
			<territory type="FI" draft="contributed">Finnland</territory>
			<territory type="FJ" draft="contributed">Fidši</territory>
			<territory type="FK" draft="contributed">Falklandinslä</territory>
			<territory type="FK" alt="variant" draft="contributed">Falklandinslä (Malwine)</territory>
			<territory type="FM" draft="contributed">Mikronesie</territory>
			<territory type="FO" draft="contributed">Färöe</territory>
			<territory type="FR" draft="contributed">Frankrič</territory>
			<territory type="GA" draft="contributed">Gabon</territory>
			<territory type="GB" draft="contributed">England</territory>
			<territory type="GD" draft="contributed">Grenada</territory>
			<territory type="GE" draft="contributed">Georgie</territory>
			<territory type="GF" draft="contributed">Französiš Guiana</territory>
			<territory type="GG" draft="contributed">Guernsey</territory>
			<territory type="GH" draft="contributed">Gana</territory>
			<territory type="GI" draft="contributed">Gibraltar</territory>
			<territory type="GL" draft="contributed">Grönland</territory>
			<territory type="GM" draft="contributed">Gambia</territory>
			<territory type="GN" draft="contributed">Ginea</territory>
			<territory type="GP" draft="contributed">Guadeloupe</territory>
			<territory type="GQ" draft="contributed">Equatorialginea</territory>
			<territory type="GR" draft="contributed">Gričeland</territory>
			<territory type="GS" draft="contributed">Südgeorgie und d’südliče Senwičinslä</territory>
			<territory type="GT" draft="contributed">Guatemala</territory>
			<territory type="GU" draft="contributed">Guam</territory>
			<territory type="GW" draft="contributed">Ginea Bissau</territory>
			<territory type="GY" draft="contributed">Guyana</territory>
			<territory type="HK" draft="contributed">Sonderverwaltigszona Hongkong</territory>
			<territory type="HK" alt="short" draft="contributed">Hongkong</territory>
			<territory type="HM" draft="contributed">Heard- und McDonald-Inslä</territory>
			<territory type="HN" draft="contributed">Honduras</territory>
			<territory type="HR" draft="contributed">Kroatie</territory>
			<territory type="HT" draft="contributed">Haiti</territory>
			<territory type="HU" draft="contributed">Ungare</territory>
			<territory type="IC" draft="contributed">Kanariše Inslä</territory>
			<territory type="ID" draft="contributed">Indonesie</territory>
			<territory type="IE" draft="contributed">Irland</territory>
			<territory type="IL" draft="contributed">Israel</territory>
			<territory type="IM" draft="contributed">Isle of Man</territory>
			<territory type="IN" draft="contributed">Indie</territory>
			<territory type="IO" draft="contributed">Britišes Territorium em indiše Ozean</territory>
			<territory type="IQ" draft="contributed">Irak</territory>
			<territory type="IR" draft="contributed">Iran</territory>
			<territory type="IS" draft="contributed">Island</territory>
			<territory type="IT" draft="contributed">Italie</territory>
			<territory type="JE" draft="contributed">Jersey</territory>
			<territory type="JM" draft="contributed">Jamaika</territory>
			<territory type="JO" draft="contributed">Jordanie</territory>
			<territory type="JP" draft="contributed">Japan</territory>
			<territory type="KE" draft="contributed">Kenya</territory>
			<territory type="KG" draft="contributed">Kirgištan</territory>
			<territory type="KH" draft="contributed">Kambodša</territory>
			<territory type="KI" draft="contributed">Kiribati</territory>
			<territory type="KM" draft="contributed">Komore</territory>
			<territory type="KN" draft="contributed">St. Kitts und Nevis</territory>
			<territory type="KP" draft="contributed">Nordkorea</territory>
			<territory type="KR" draft="contributed">Südkorea</territory>
			<territory type="KW" draft="contributed">Kuweit</territory>
			<territory type="KY" draft="contributed">Kaimaninslä</territory>
			<territory type="KZ" draft="contributed">Kasačstan</territory>
			<territory type="LA" draft="contributed">Laos</territory>
			<territory type="LB" draft="contributed">Libanon</territory>
			<territory type="LC" draft="contributed">St. Lucia</territory>
			<territory type="LI" draft="contributed">Liečteštei</territory>
			<territory type="LK" draft="contributed">Sri Lanka</territory>
			<territory type="LR" draft="contributed">Liberia</territory>
			<territory type="LS" draft="contributed">Lesotho</territory>
			<territory type="LT" draft="contributed">Litaue</territory>
			<territory type="LU" draft="contributed">Luxeburg</territory>
			<territory type="LV" draft="contributed">Lettland</territory>
			<territory type="LY" draft="contributed">Lübie</territory>
			<territory type="MA" draft="contributed">Maroko</territory>
			<territory type="MC" draft="contributed">Monago</territory>
			<territory type="MD" draft="contributed">Moldau</territory>
			<territory type="ME" draft="contributed">Montenegro</territory>
			<territory type="MF" draft="contributed">St. Martin</territory>
			<territory type="MG" draft="contributed">Madagaskar</territory>
			<territory type="MH" draft="contributed">Maršalinslä</territory>
			<territory type="ML" draft="contributed">Mali</territory>
			<territory type="MM" draft="contributed">Burma</territory>
			<territory type="MN" draft="contributed">Mongolei</territory>
			<territory type="MO" draft="contributed">Sonderverwaltigszona Makau</territory>
			<territory type="MO" alt="short" draft="contributed">Makau</territory>
			<territory type="MP" draft="contributed">Nördliči Mariane</territory>
			<territory type="MQ" draft="contributed">Martinique</territory>
			<territory type="MR" draft="contributed">Mauretanie</territory>
			<territory type="MS" draft="contributed">Monserrat</territory>
			<territory type="MT" draft="contributed">Malta</territory>
			<territory type="MU" draft="contributed">Mauritius</territory>
			<territory type="MV" draft="contributed">Malediwe</territory>
			<territory type="MW" draft="contributed">Malawi</territory>
			<territory type="MX" draft="contributed">Mexiko</territory>
			<territory type="MY" draft="contributed">Malaysia</territory>
			<territory type="MZ" draft="contributed">Mosambik</territory>
			<territory type="NA" draft="contributed">Namibia</territory>
			<territory type="NC" draft="contributed">Niwkaledonie</territory>
			<territory type="NE" draft="contributed">Niger</territory>
			<territory type="NF" draft="contributed">Norfolkinsla</territory>
			<territory type="NG" draft="contributed">Nigeria</territory>
			<territory type="NI" draft="contributed">Nicaragua</territory>
			<territory type="NL" draft="contributed">Holand</territory>
			<territory type="NO" draft="contributed">Norwäge</territory>
			<territory type="NP" draft="contributed">Nepal</territory>
			<territory type="NR" draft="contributed">Nauru</territory>
			<territory type="NU" draft="contributed">Niue</territory>
			<territory type="NZ" draft="contributed">Niwséland</territory>
			<territory type="OM" draft="contributed">Oman</territory>
			<territory type="PA" draft="contributed">Panama</territory>
			<territory type="PE" draft="contributed">Peru</territory>
			<territory type="PF" draft="contributed">Französiš Polinesie</territory>
			<territory type="PG" draft="contributed">Papua Niwginea</territory>
			<territory type="PH" draft="contributed">Philippine</territory>
			<territory type="PK" draft="contributed">Pakištan</territory>
			<territory type="PL" draft="contributed">Pole</territory>
			<territory type="PM" draft="contributed">St. Pierre und Miquelon</territory>
			<territory type="PN" draft="contributed">Pitcairn</territory>
			<territory type="PR" draft="contributed">Puerto Rico</territory>
			<territory type="PS" draft="contributed">Paleština</territory>
			<territory type="PT" draft="contributed">Portugal</territory>
			<territory type="PW" draft="contributed">Palau</territory>
			<territory type="PY" draft="contributed">Paraguai</territory>
			<territory type="QA" draft="contributed">Katar</territory>
			<territory type="QO" draft="contributed">Üssers Ozeanie</territory>
			<territory type="RE" draft="contributed">Réunion</territory>
			<territory type="RO" draft="contributed">Rumänie</territory>
			<territory type="RS" draft="contributed">Serbie</territory>
			<territory type="RU" draft="contributed">Russland</territory>
			<territory type="RW" draft="contributed">Ruanda</territory>
			<territory type="SA" draft="contributed">Saudi Arabie</territory>
			<territory type="SB" draft="contributed">Salomone</territory>
			<territory type="SC" draft="contributed">Sečelle</territory>
			<territory type="SD" draft="contributed">Sudan</territory>
			<territory type="SE" draft="contributed">Schwede</territory>
			<territory type="SG" draft="contributed">Singapur</territory>
			<territory type="SH" draft="contributed">St. Helena</territory>
			<territory type="SI" draft="contributed">Slowenie</territory>
			<territory type="SJ" draft="contributed">Svalbard und Jan Mayen</territory>
			<territory type="SK" draft="contributed">Slowakei</territory>
			<territory type="SL" draft="contributed">Sierra Leone</territory>
			<territory type="SM" draft="contributed">San Marino</territory>
			<territory type="SN" draft="contributed">Senegal</territory>
			<territory type="SO" draft="contributed">Somalia</territory>
			<territory type="SR" draft="contributed">Suriname</territory>
			<territory type="ST" draft="contributed">São Tomé and Príncipe</territory>
			<territory type="SV" draft="contributed">El Salvador</territory>
			<territory type="SY" draft="contributed">Sürie</territory>
			<territory type="SZ" draft="contributed">Swasiland</territory>
			<territory type="TA" draft="contributed">Tristan da Cunha</territory>
			<territory type="TC" draft="contributed">Turks- und Caicosinslä</territory>
			<territory type="TD" draft="contributed">Tšad</territory>
			<territory type="TF" draft="contributed">Französiši Süd- und Antarktisgebiet</territory>
			<territory type="TG" draft="contributed">Togo</territory>
			<territory type="TH" draft="contributed">Thailand</territory>
			<territory type="TJ" draft="contributed">Tadšikistan</territory>
			<territory type="TK" draft="contributed">Tokelau</territory>
			<territory type="TL" draft="contributed">Ošttimor</territory>
			<territory type="TL" alt="variant" draft="contributed">Wešttimor</territory>
			<territory type="TM" draft="contributed">Turkmeništan</territory>
			<territory type="TN" draft="contributed">Tunesie</territory>
			<territory type="TO" draft="contributed">Tonga</territory>
			<territory type="TR" draft="contributed">Türkei</territory>
			<territory type="TT" draft="contributed">Trinidad und Tobago</territory>
			<territory type="TV" draft="contributed">Tuvalu</territory>
			<territory type="TW" draft="contributed">Taiwan</territory>
			<territory type="TZ" draft="contributed">Tansania</territory>
			<territory type="UA" draft="contributed">Ukraine</territory>
			<territory type="UG" draft="contributed">Uganda</territory>
			<territory type="UM" draft="contributed">Amerikaniš Ozeanie</territory>
			<territory type="US" draft="contributed">Amerika</territory>
			<territory type="UY" draft="contributed">Urugauy</territory>
			<territory type="UZ" draft="contributed">Usbekištan</territory>
			<territory type="VA" draft="contributed">Vatikan</territory>
			<territory type="VC" draft="contributed">St. Vincent und d’Grenadine</territory>
			<territory type="VE" draft="contributed">Venezuela</territory>
			<territory type="VG" draft="contributed">Britiši Jungfröiwinslä</territory>
			<territory type="VI" draft="contributed">Amerikaniši Jungfröiwinslä</territory>
			<territory type="VN" draft="contributed">Vietnam</territory>
			<territory type="VU" draft="contributed">Vanuatu</territory>
			<territory type="WF" draft="contributed">Wallis und Futuna</territory>
			<territory type="WS" draft="contributed">Samoa</territory>
			<territory type="YE" draft="contributed">Jéme</territory>
			<territory type="YT" draft="contributed">Moyette</territory>
			<territory type="ZA" draft="contributed">Südafrika</territory>
			<territory type="ZM" draft="contributed">Sambia</territory>
			<territory type="ZW" draft="contributed">Simbabwe</territory>
			<territory type="ZZ" draft="contributed">Unbekannti Regio</territory>
		</territories>
		<types>
			<type key="calendar" type="gregorian" draft="contributed">Gregorianišä Kaländer</type>
			<type key="collation" type="ducet" draft="contributed">Standard Unicode Sortierreiefolg</type>
			<type key="collation" type="search" draft="contributed">Allgmeini Süeč</type>
			<type key="numbers" type="latn" draft="contributed">Arabiši Zálä</type>
		</types>
		<measurementSystemNames>
			<measurementSystemName type="metric" draft="contributed">Metriš</measurementSystemName>
			<measurementSystemName type="UK" draft="contributed">Angelsä</measurementSystemName>
			<measurementSystemName type="US" draft="contributed">Angloamerikaniš</measurementSystemName>
		</measurementSystemNames>
		<codePatterns>
			<codePattern type="language" draft="contributed">Sprač: {0}</codePattern>
			<codePattern type="script" draft="contributed">Alfabét: {0}</codePattern>
			<codePattern type="territory" draft="contributed">Regio: {0}</codePattern>
		</codePatterns>
	</localeDisplayNames>
	<characters>
		<exemplarCharacters>[a á ä ã b c č d e é f g h i í j k l m n o ó ö õ p q r s š t u ú ü ũ v w x y z]</exemplarCharacters>
		<exemplarCharacters type="auxiliary">[à ă â å ā æ ç è ĕ ê ë ē ì ĭ î ï ī ñ ò ŏ ô ø ō œ ß ù ŭ û ū ÿ]</exemplarCharacters>
		<exemplarCharacters type="index">[A B C D E F G H I J K L M N O P Q R S T U V W X Y Z]</exemplarCharacters>
		<exemplarCharacters type="numbers">[\- ‑ , ’ % ‰ + 0 1 2 3 4 5 6 7 8 9]</exemplarCharacters>
	</characters>
	<delimiters>
		<quotationStart draft="contributed">«</quotationStart>
		<quotationEnd draft="contributed">»</quotationEnd>
		<alternateQuotationStart draft="contributed">‹</alternateQuotationStart>
		<alternateQuotationEnd draft="contributed">›</alternateQuotationEnd>
	</delimiters>
	<dates>
		<calendars>
			<calendar type="generic">
				<dateFormats>
					<dateFormatLength type="full">
						<dateFormat>
							<pattern draft="contributed">EEEE, d. MMMM y G</pattern>
						</dateFormat>
					</dateFormatLength>
					<dateFormatLength type="long">
						<dateFormat>
							<pattern draft="contributed">d. MMMM y G</pattern>
						</dateFormat>
					</dateFormatLength>
					<dateFormatLength type="medium">
						<dateFormat>
							<pattern draft="contributed">d. MMM y G</pattern>
						</dateFormat>
					</dateFormatLength>
				</dateFormats>
				<dateTimeFormats>
					<availableFormats>
						<dateFormatItem id="Ed" draft="contributed">E d.</dateFormatItem>
						<dateFormatItem id="h" draft="contributed">h a</dateFormatItem>
						<dateFormatItem id="hm" draft="contributed">h:mm a</dateFormatItem>
						<dateFormatItem id="hms" draft="contributed">h:mm:ss a</dateFormatItem>
						<dateFormatItem id="M" draft="contributed">LLL</dateFormatItem>
						<dateFormatItem id="Md" draft="contributed">d. MMM</dateFormatItem>
						<dateFormatItem id="MEd" draft="contributed">E, d. MMM</dateFormatItem>
						<dateFormatItem id="MMMd" draft="contributed">d. MMM</dateFormatItem>
						<dateFormatItem id="MMMEd" draft="contributed">E, d. MMM</dateFormatItem>
						<dateFormatItem id="yMMM" draft="contributed">MMM y</dateFormatItem>
						<dateFormatItem id="yMMMd" draft="contributed">d. MMM y</dateFormatItem>
						<dateFormatItem id="yMMMEd" draft="contributed">E, d. MMM y</dateFormatItem>
					</availableFormats>
					<intervalFormats>
						<intervalFormatFallback draft="contributed">{0} - {1}</intervalFormatFallback>
						<intervalFormatItem id="d">
							<greatestDifference id="d" draft="contributed">d – d</greatestDifference>
						</intervalFormatItem>
						<intervalFormatItem id="h">
							<greatestDifference id="a" draft="contributed">h a – h a</greatestDifference>
							<greatestDifference id="h" draft="contributed">h – h a</greatestDifference>
						</intervalFormatItem>
						<intervalFormatItem id="H">
							<greatestDifference id="H" draft="contributed">HH – HH</greatestDifference>
						</intervalFormatItem>
						<intervalFormatItem id="hm">
							<greatestDifference id="a" draft="contributed">h:mm a – h:mm a</greatestDifference>
							<greatestDifference id="h" draft="contributed">h:mm – h:mm a</greatestDifference>
							<greatestDifference id="m" draft="contributed">h:mm – h:mm a</greatestDifference>
						</intervalFormatItem>
						<intervalFormatItem id="Hm">
							<greatestDifference id="H" draft="contributed">HH:mm – HH:mm</greatestDifference>
							<greatestDifference id="m" draft="contributed">HH:mm – HH:mm</greatestDifference>
						</intervalFormatItem>
						<intervalFormatItem id="hmv">
							<greatestDifference id="a" draft="contributed">h:mm a – h:mm a v</greatestDifference>
							<greatestDifference id="h" draft="contributed">h:mm – h:mm a v</greatestDifference>
							<greatestDifference id="m" draft="contributed">h:mm – h:mm a v</greatestDifference>
						</intervalFormatItem>
						<intervalFormatItem id="Hmv">
							<greatestDifference id="H" draft="contributed">HH:mm – HH:mm v</greatestDifference>
							<greatestDifference id="m" draft="contributed">HH:mm – HH:mm v</greatestDifference>
						</intervalFormatItem>
						<intervalFormatItem id="hv">
							<greatestDifference id="a" draft="contributed">h a – h a v</greatestDifference>
							<greatestDifference id="h" draft="contributed">h – h a v</greatestDifference>
						</intervalFormatItem>
						<intervalFormatItem id="Hv">
							<greatestDifference id="H" draft="contributed">HH – HH v</greatestDifference>
						</intervalFormatItem>
						<intervalFormatItem id="M">
							<greatestDifference id="M" draft="contributed">MMM – MMM</greatestDifference>
						</intervalFormatItem>
						<intervalFormatItem id="Md">
							<greatestDifference id="d" draft="contributed">d. MMM – d. MMM</greatestDifference>
							<greatestDifference id="M" draft="contributed">d. MMM – d. MMM</greatestDifference>
						</intervalFormatItem>
						<intervalFormatItem id="MEd">
							<greatestDifference id="d" draft="contributed">E, d. MMM – E, d. MMM</greatestDifference>
							<greatestDifference id="M" draft="contributed">E, d. MMM – E, d. MMM</greatestDifference>
						</intervalFormatItem>
						<intervalFormatItem id="MMM">
							<greatestDifference id="M" draft="contributed">MMM – MMM</greatestDifference>
						</intervalFormatItem>
						<intervalFormatItem id="MMMd">
							<greatestDifference id="d" draft="contributed">d. – d. MMM</greatestDifference>
							<greatestDifference id="M" draft="contributed">d. – d. MMM</greatestDifference>
						</intervalFormatItem>
						<intervalFormatItem id="MMMEd">
							<greatestDifference id="d" draft="contributed">E, d. MMM – E, d. MMM</greatestDifference>
							<greatestDifference id="M" draft="contributed">E, d. MMM – E, d. MMM</greatestDifference>
						</intervalFormatItem>
						<intervalFormatItem id="y">
							<greatestDifference id="y" draft="contributed">y – y</greatestDifference>
						</intervalFormatItem>
						<intervalFormatItem id="yM">
							<greatestDifference id="M" draft="contributed">y-MM – y-MM</greatestDifference>
							<greatestDifference id="y" draft="contributed">y-MM – y-MM</greatestDifference>
						</intervalFormatItem>
						<intervalFormatItem id="yMd">
							<greatestDifference id="d" draft="contributed">y-MM-dd – y-MM-dd</greatestDifference>
							<greatestDifference id="M" draft="contributed">y-MM-dd – y-MM-dd</greatestDifference>
							<greatestDifference id="y" draft="contributed">y-MM-dd – y-MM-dd</greatestDifference>
						</intervalFormatItem>
						<intervalFormatItem id="yMEd">
							<greatestDifference id="d" draft="contributed">E, d. MMM y – E, d. MMM y</greatestDifference>
							<greatestDifference id="M" draft="contributed">E, d. MMM y – E, d. MMM y</greatestDifference>
							<greatestDifference id="y" draft="contributed">E, d. MMM y – E, d. MMM y</greatestDifference>
						</intervalFormatItem>
						<intervalFormatItem id="yMMM">
							<greatestDifference id="M" draft="contributed">MMM – MMM y</greatestDifference>
							<greatestDifference id="y" draft="contributed">MMM y – MMM y</greatestDifference>
						</intervalFormatItem>
						<intervalFormatItem id="yMMMd">
							<greatestDifference id="d" draft="contributed">d. – d. MMM y</greatestDifference>
							<greatestDifference id="M" draft="contributed">d. MMM – d. MMM y</greatestDifference>
							<greatestDifference id="y" draft="contributed">d. MMM y – d. MMM y</greatestDifference>
						</intervalFormatItem>
						<intervalFormatItem id="yMMMEd">
							<greatestDifference id="d" draft="contributed">E, d. – E, d. MMM y</greatestDifference>
							<greatestDifference id="M" draft="contributed">E, d. MMM – E, d. MMM y</greatestDifference>
							<greatestDifference id="y" draft="contributed">E, d. MMM y – E, d. MMM y</greatestDifference>
						</intervalFormatItem>
						<intervalFormatItem id="yMMMM">
							<greatestDifference id="M" draft="contributed">MMMM – MMMM y</greatestDifference>
							<greatestDifference id="y" draft="contributed">MMMM y – MMMM y</greatestDifference>
						</intervalFormatItem>
					</intervalFormats>
				</dateTimeFormats>
			</calendar>
			<calendar type="gregorian">
				<months>
					<monthContext type="format">
						<monthWidth type="abbreviated">
							<month type="1" draft="contributed">Jen</month>
							<month type="2" draft="contributed">Hor</month>
							<month type="3" draft="contributed">Mär</month>
							<month type="4" draft="contributed">Abr</month>
							<month type="5" draft="contributed">Mei</month>
							<month type="6" draft="contributed">Brá</month>
							<month type="7" draft="contributed">Hei</month>
							<month type="8" draft="contributed">Öig</month>
							<month type="9" draft="contributed">Her</month>
							<month type="10" draft="contributed">Wím</month>
							<month type="11" draft="contributed">Win</month>
							<month type="12" draft="contributed">Chr</month>
						</monthWidth>
						<monthWidth type="narrow">
							<month type="1" draft="contributed">J</month>
							<month type="2" draft="contributed">H</month>
							<month type="3" draft="contributed">M</month>
							<month type="4" draft="contributed">A</month>
							<month type="5" draft="contributed">M</month>
							<month type="6" draft="contributed">B</month>
							<month type="7" draft="contributed">H</month>
							<month type="8" draft="contributed">Ö</month>
							<month type="9" draft="contributed">H</month>
							<month type="10" draft="contributed">W</month>
							<month type="11" draft="contributed">W</month>
							<month type="12" draft="contributed">C</month>
						</monthWidth>
						<monthWidth type="wide">
							<month type="1" draft="contributed">Jenner</month>
							<month type="2" draft="contributed">Hornig</month>
							<month type="3" draft="contributed">Märze</month>
							<month type="4" draft="contributed">Abrille</month>
							<month type="5" draft="contributed">Meije</month>
							<month type="6" draft="contributed">Bráčet</month>
							<month type="7" draft="contributed">Heiwet</month>
							<month type="8" draft="contributed">Öigšte</month>
							<month type="9" draft="contributed">Herbštmánet</month>
							<month type="10" draft="contributed">Wímánet</month>
							<month type="11" draft="contributed">Wintermánet</month>
							<month type="12" draft="contributed">Chrištmánet</month>
						</monthWidth>
					</monthContext>
					<monthContext type="stand-alone">
						<monthWidth type="abbreviated">
							<month type="1" draft="contributed">Jen</month>
							<month type="2" draft="contributed">Hor</month>
							<month type="3" draft="contributed">Mär</month>
							<month type="4" draft="contributed">Abr</month>
							<month type="5" draft="contributed">Mei</month>
							<month type="6" draft="contributed">Brá</month>
							<month type="7" draft="contributed">Hei</month>
							<month type="8" draft="contributed">Öig</month>
							<month type="9" draft="contributed">Her</month>
							<month type="10" draft="contributed">Wím</month>
							<month type="11" draft="contributed">Win</month>
							<month type="12" draft="contributed">Chr</month>
						</monthWidth>
						<monthWidth type="narrow">
							<month type="1" draft="contributed">J</month>
							<month type="2" draft="contributed">H</month>
							<month type="3" draft="contributed">M</month>
							<month type="4" draft="contributed">A</month>
							<month type="5" draft="contributed">M</month>
							<month type="6" draft="contributed">B</month>
							<month type="7" draft="contributed">H</month>
							<month type="8" draft="contributed">Ö</month>
							<month type="9" draft="contributed">H</month>
							<month type="10" draft="contributed">W</month>
							<month type="11" draft="contributed">W</month>
							<month type="12" draft="contributed">C</month>
						</monthWidth>
						<monthWidth type="wide">
							<month type="1" draft="contributed">Jenner</month>
							<month type="2" draft="contributed">Hornig</month>
							<month type="3" draft="contributed">Märze</month>
							<month type="4" draft="contributed">Abrille</month>
							<month type="5" draft="contributed">Meije</month>
							<month type="6" draft="contributed">Bráčet</month>
							<month type="7" draft="contributed">Heiwet</month>
							<month type="8" draft="contributed">Öigšte</month>
							<month type="9" draft="contributed">Herbštmánet</month>
							<month type="10" draft="contributed">Wímánet</month>
							<month type="11" draft="contributed">Wintermánet</month>
							<month type="12" draft="contributed">Chrištmánet</month>
						</monthWidth>
					</monthContext>
				</months>
				<days>
					<dayContext type="format">
						<dayWidth type="abbreviated">
							<day type="sun" draft="contributed">Sun</day>
							<day type="mon" draft="contributed">Män</day>
							<day type="tue" draft="contributed">Ziš</day>
							<day type="wed" draft="contributed">Mit</day>
							<day type="thu" draft="contributed">Fró</day>
							<day type="fri" draft="contributed">Fri</day>
							<day type="sat" draft="contributed">Sam</day>
						</dayWidth>
						<dayWidth type="narrow">
							<day type="sun" draft="contributed">S</day>
							<day type="mon" draft="contributed">M</day>
							<day type="tue" draft="contributed">Z</day>
							<day type="wed" draft="contributed">M</day>
							<day type="thu" draft="contributed">F</day>
							<day type="fri" draft="contributed">F</day>
							<day type="sat" draft="contributed">S</day>
						</dayWidth>
						<dayWidth type="wide">
							<day type="sun" draft="contributed">Sunntag</day>
							<day type="mon" draft="contributed">Mäntag</day>
							<day type="tue" draft="contributed">Zištag</day>
							<day type="wed" draft="contributed">Mittwuč</day>
							<day type="thu" draft="contributed">Fróntag</day>
							<day type="fri" draft="contributed">Fritag</day>
							<day type="sat" draft="contributed">Samštag</day>
						</dayWidth>
					</dayContext>
					<dayContext type="stand-alone">
						<dayWidth type="abbreviated">
							<day type="sun" draft="contributed">Sun</day>
							<day type="mon" draft="contributed">Män</day>
							<day type="tue" draft="contributed">Ziš</day>
							<day type="wed" draft="contributed">Mit</day>
							<day type="thu" draft="contributed">Fró</day>
							<day type="fri" draft="contributed">Fri</day>
							<day type="sat" draft="contributed">Sam</day>
						</dayWidth>
						<dayWidth type="narrow">
							<day type="sun" draft="contributed">S</day>
							<day type="mon" draft="contributed">M</day>
							<day type="tue" draft="contributed">Z</day>
							<day type="wed" draft="contributed">M</day>
							<day type="thu" draft="contributed">F</day>
							<day type="fri" draft="contributed">F</day>
							<day type="sat" draft="contributed">S</day>
						</dayWidth>
						<dayWidth type="wide">
							<day type="sun" draft="contributed">Sunntag</day>
							<day type="mon" draft="contributed">Mäntag</day>
							<day type="tue" draft="contributed">Zištag</day>
							<day type="wed" draft="contributed">Mittwuč</day>
							<day type="thu" draft="contributed">Fróntag</day>
							<day type="fri" draft="contributed">Fritag</day>
							<day type="sat" draft="contributed">Samštag</day>
						</dayWidth>
					</dayContext>
				</days>
				<quarters>
					<quarterContext type="format">
						<quarterWidth type="abbreviated">
							<quarter type="1" draft="contributed">Q1</quarter>
							<quarter type="2" draft="contributed">Q2</quarter>
							<quarter type="3" draft="contributed">Q3</quarter>
							<quarter type="4" draft="contributed">Q4</quarter>
						</quarterWidth>
						<quarterWidth type="narrow">
							<quarter type="1" draft="contributed">1</quarter>
							<quarter type="2" draft="contributed">2</quarter>
							<quarter type="3" draft="contributed">3</quarter>
							<quarter type="4" draft="contributed">4</quarter>
						</quarterWidth>
						<quarterWidth type="wide">
							<quarter type="1" draft="contributed">1. quartal</quarter>
							<quarter type="2" draft="contributed">2. quartal</quarter>
							<quarter type="3" draft="contributed">3. quartal</quarter>
							<quarter type="4" draft="contributed">4. quartal</quarter>
						</quarterWidth>
					</quarterContext>
					<quarterContext type="stand-alone">
						<quarterWidth type="abbreviated">
							<quarter type="1" draft="contributed">Q1</quarter>
							<quarter type="2" draft="contributed">Q2</quarter>
							<quarter type="3" draft="contributed">Q3</quarter>
							<quarter type="4" draft="contributed">Q4</quarter>
						</quarterWidth>
						<quarterWidth type="wide">
							<quarter type="1" draft="contributed">1. quartal</quarter>
							<quarter type="2" draft="contributed">2. quartal</quarter>
							<quarter type="3" draft="contributed">3. quartal</quarter>
							<quarter type="4" draft="contributed">4. quartal</quarter>
						</quarterWidth>
					</quarterContext>
				</quarters>
				<eras>
					<eraAbbr>
						<era type="0" draft="contributed">v. Chr.</era>
						<era type="1" draft="contributed">n. Chr</era>
					</eraAbbr>
				</eras>
				<dateFormats>
					<dateFormatLength type="full">
						<dateFormat>
							<pattern draft="contributed">EEEE, d. MMMM y</pattern>
						</dateFormat>
					</dateFormatLength>
					<dateFormatLength type="long">
						<dateFormat>
							<pattern draft="contributed">d. MMMM y</pattern>
						</dateFormat>
					</dateFormatLength>
					<dateFormatLength type="medium">
						<dateFormat>
							<pattern draft="contributed">d. MMM y</pattern>
						</dateFormat>
					</dateFormatLength>
				</dateFormats>
				<dateTimeFormats>
					<availableFormats>
						<dateFormatItem id="Ed" draft="contributed">E d.</dateFormatItem>
						<dateFormatItem id="h" draft="contributed">h a</dateFormatItem>
						<dateFormatItem id="hm" draft="contributed">h:mm a</dateFormatItem>
						<dateFormatItem id="hms" draft="contributed">h:mm:ss a</dateFormatItem>
						<dateFormatItem id="M" draft="contributed">LLL</dateFormatItem>
						<dateFormatItem id="Md" draft="contributed">d. MMM</dateFormatItem>
						<dateFormatItem id="MEd" draft="contributed">E, d. MMM</dateFormatItem>
						<dateFormatItem id="MMMd" draft="contributed">d. MMM</dateFormatItem>
						<dateFormatItem id="MMMEd" draft="contributed">E, d. MMM</dateFormatItem>
						<dateFormatItem id="yMMM" draft="contributed">MMM y</dateFormatItem>
						<dateFormatItem id="yMMMd" draft="contributed">d. MMM y</dateFormatItem>
						<dateFormatItem id="yMMMEd" draft="contributed">E, d. MMM y</dateFormatItem>
					</availableFormats>
					<intervalFormats>
						<intervalFormatFallback draft="contributed">{0} - {1}</intervalFormatFallback>
						<intervalFormatItem id="d">
							<greatestDifference id="d" draft="contributed">d – d</greatestDifference>
						</intervalFormatItem>
						<intervalFormatItem id="h">
							<greatestDifference id="a" draft="contributed">h a – h a</greatestDifference>
							<greatestDifference id="h" draft="contributed">h – h a</greatestDifference>
						</intervalFormatItem>
						<intervalFormatItem id="H">
							<greatestDifference id="H" draft="contributed">HH – HH</greatestDifference>
						</intervalFormatItem>
						<intervalFormatItem id="hm">
							<greatestDifference id="a" draft="contributed">h:mm a – h:mm a</greatestDifference>
							<greatestDifference id="h" draft="contributed">h:mm – h:mm a</greatestDifference>
							<greatestDifference id="m" draft="contributed">h:mm – h:mm a</greatestDifference>
						</intervalFormatItem>
						<intervalFormatItem id="Hm">
							<greatestDifference id="H" draft="contributed">HH:mm – HH:mm</greatestDifference>
							<greatestDifference id="m" draft="contributed">HH:mm – HH:mm</greatestDifference>
						</intervalFormatItem>
						<intervalFormatItem id="hmv">
							<greatestDifference id="a" draft="contributed">h:mm a – h:mm a v</greatestDifference>
							<greatestDifference id="h" draft="contributed">h:mm – h:mm a v</greatestDifference>
							<greatestDifference id="m" draft="contributed">h:mm – h:mm a v</greatestDifference>
						</intervalFormatItem>
						<intervalFormatItem id="Hmv">
							<greatestDifference id="H" draft="contributed">HH:mm – HH:mm v</greatestDifference>
							<greatestDifference id="m" draft="contributed">HH:mm – HH:mm v</greatestDifference>
						</intervalFormatItem>
						<intervalFormatItem id="hv">
							<greatestDifference id="a" draft="contributed">h a – h a v</greatestDifference>
							<greatestDifference id="h" draft="contributed">h – h a v</greatestDifference>
						</intervalFormatItem>
						<intervalFormatItem id="Hv">
							<greatestDifference id="H" draft="contributed">HH – HH v</greatestDifference>
						</intervalFormatItem>
						<intervalFormatItem id="M">
							<greatestDifference id="M" draft="contributed">MMM – MMM</greatestDifference>
						</intervalFormatItem>
						<intervalFormatItem id="Md">
							<greatestDifference id="d" draft="contributed">d. MMM – d. MMM</greatestDifference>
							<greatestDifference id="M" draft="contributed">d. MMM – d. MMM</greatestDifference>
						</intervalFormatItem>
						<intervalFormatItem id="MEd">
							<greatestDifference id="d" draft="contributed">E, d. MMM – E, d. MMM</greatestDifference>
							<greatestDifference id="M" draft="contributed">E, d. MMM – E, d. MMM</greatestDifference>
						</intervalFormatItem>
						<intervalFormatItem id="MMM">
							<greatestDifference id="M" draft="contributed">MMM – MMM</greatestDifference>
						</intervalFormatItem>
						<intervalFormatItem id="MMMd">
							<greatestDifference id="d" draft="contributed">d. – d. MMM</greatestDifference>
							<greatestDifference id="M" draft="contributed">d. – d. MMM</greatestDifference>
						</intervalFormatItem>
						<intervalFormatItem id="MMMEd">
							<greatestDifference id="d" draft="contributed">E, d. MMM – E, d. MMM</greatestDifference>
							<greatestDifference id="M" draft="contributed">E, d. MMM – E, d. MMM</greatestDifference>
						</intervalFormatItem>
						<intervalFormatItem id="y">
							<greatestDifference id="y" draft="contributed">y – y</greatestDifference>
						</intervalFormatItem>
						<intervalFormatItem id="yM">
							<greatestDifference id="M" draft="contributed">y-MM – y-MM</greatestDifference>
							<greatestDifference id="y" draft="contributed">y-MM – y-MM</greatestDifference>
						</intervalFormatItem>
						<intervalFormatItem id="yMd">
							<greatestDifference id="d" draft="contributed">y-MM-dd – y-MM-dd</greatestDifference>
							<greatestDifference id="M" draft="contributed">y-MM-dd – y-MM-dd</greatestDifference>
							<greatestDifference id="y" draft="contributed">y-MM-dd – y-MM-dd</greatestDifference>
						</intervalFormatItem>
						<intervalFormatItem id="yMEd">
							<greatestDifference id="d" draft="contributed">E, d. MMM y – E, d. MMM y</greatestDifference>
							<greatestDifference id="M" draft="contributed">E, d. MMM y – E, d. MMM y</greatestDifference>
							<greatestDifference id="y" draft="contributed">E, d. MMM y – E, d. MMM y</greatestDifference>
						</intervalFormatItem>
						<intervalFormatItem id="yMMM">
							<greatestDifference id="M" draft="contributed">MMM – MMM y</greatestDifference>
							<greatestDifference id="y" draft="contributed">MMM y – MMM y</greatestDifference>
						</intervalFormatItem>
						<intervalFormatItem id="yMMMd">
							<greatestDifference id="d" draft="contributed">d. – d. MMM y</greatestDifference>
							<greatestDifference id="M" draft="contributed">d. MMM – d. MMM y</greatestDifference>
							<greatestDifference id="y" draft="contributed">d. MMM y – d. MMM y</greatestDifference>
						</intervalFormatItem>
						<intervalFormatItem id="yMMMEd">
							<greatestDifference id="d" draft="contributed">E, d. – E, d. MMM y</greatestDifference>
							<greatestDifference id="M" draft="contributed">E, d. MMM – E, d. MMM y</greatestDifference>
							<greatestDifference id="y" draft="contributed">E, d. MMM y – E, d. MMM y</greatestDifference>
						</intervalFormatItem>
						<intervalFormatItem id="yMMMM">
							<greatestDifference id="M" draft="contributed">MMMM – MMMM y</greatestDifference>
							<greatestDifference id="y" draft="contributed">MMMM y – MMMM y</greatestDifference>
						</intervalFormatItem>
					</intervalFormats>
				</dateTimeFormats>
			</calendar>
		</calendars>
		<fields>
			<field type="era">
				<displayName draft="contributed">Epoča</displayName>
			</field>
			<field type="year">
				<displayName draft="contributed">Jár</displayName>
				<relativeTime type="future">
					<relativeTimePattern count="one">I {0} jár</relativeTimePattern>
					<relativeTimePattern count="other">I {0} jár</relativeTimePattern>
				</relativeTime>
				<relativeTime type="past">
					<relativeTimePattern count="one">vor {0} jár</relativeTimePattern>
					<relativeTimePattern count="other">cor {0} jár</relativeTimePattern>
				</relativeTime>
			</field>
			<field type="month">
				<displayName draft="contributed">Mánet</displayName>
				<relativeTime type="future">
					<relativeTimePattern count="one">I {0} mánet</relativeTimePattern>
					<relativeTimePattern count="other">I {0} mánet</relativeTimePattern>
				</relativeTime>
				<relativeTime type="past">
					<relativeTimePattern count="one">vor {0} mánet</relativeTimePattern>
					<relativeTimePattern count="other">vor {0} mánet</relativeTimePattern>
				</relativeTime>
			</field>
			<field type="week">
				<displayName draft="contributed">Wuča</displayName>
				<relativeTime type="future">
					<relativeTimePattern count="one">i {0} wuča</relativeTimePattern>
					<relativeTimePattern count="other">i {0} wučä</relativeTimePattern>
				</relativeTime>
				<relativeTime type="past">
					<relativeTimePattern count="one">vor {0} wuča</relativeTimePattern>
					<relativeTimePattern count="other">cor {0} wučä</relativeTimePattern>
				</relativeTime>
			</field>
			<field type="day">
				<displayName draft="contributed">Tag</displayName>
				<relative type="-2" draft="contributed">Vorgešter</relative>
				<relative type="-1" draft="contributed">Gešter</relative>
				<relative type="0" draft="contributed">Hitte</relative>
				<relative type="1" draft="contributed">Móre</relative>
				<relative type="2" draft="contributed">Ubermóre</relative>
				<relativeTime type="future">
					<relativeTimePattern count="one">i {0} tag</relativeTimePattern>
					<relativeTimePattern count="other">i {0} täg</relativeTimePattern>
				</relativeTime>
				<relativeTime type="past">
					<relativeTimePattern count="one">vor {0} tag</relativeTimePattern>
					<relativeTimePattern count="other">vor {0} täg</relativeTimePattern>
				</relativeTime>
			</field>
			<field type="weekday">
				<displayName draft="contributed">Wučetag</displayName>
			</field>
			<field type="dayperiod">
				<displayName draft="contributed">AM/PM</displayName>
			</field>
			<field type="hour">
				<displayName draft="contributed">Schtund</displayName>
				<relativeTime type="future">
					<relativeTimePattern count="one">i {0} stund</relativeTimePattern>
					<relativeTimePattern count="other">i {0} stunde</relativeTimePattern>
				</relativeTime>
				<relativeTime type="past">
					<relativeTimePattern count="one">vor {0} stund</relativeTimePattern>
					<relativeTimePattern count="other">vor {0} stunde</relativeTimePattern>
				</relativeTime>
			</field>
			<field type="minute">
				<displayName draft="contributed">Mínütta</displayName>
				<relativeTime type="future">
					<relativeTimePattern count="one">i {0} minüta</relativeTimePattern>
					<relativeTimePattern count="other">i {0} minüte</relativeTimePattern>
				</relativeTime>
				<relativeTime type="past">
					<relativeTimePattern count="one">vor {0} minüta</relativeTimePattern>
					<relativeTimePattern count="other">vor {0} minüte</relativeTimePattern>
				</relativeTime>
			</field>
			<field type="second">
				<displayName draft="contributed">Sekunda</displayName>
				<relativeTime type="future">
					<relativeTimePattern count="one">i {0} sekund</relativeTimePattern>
					<relativeTimePattern count="other">i {0} sekunde</relativeTimePattern>
				</relativeTime>
				<relativeTime type="past">
					<relativeTimePattern count="one">vor {0} sekund</relativeTimePattern>
					<relativeTimePattern count="other">vor {0} sekunde</relativeTimePattern>
				</relativeTime>
			</field>
			<field type="zone">
				<displayName draft="contributed">Zitzóna</displayName>
			</field>
		</fields>
		<timeZoneNames>
			<regionFormat draft="contributed">{0} zit</regionFormat>
			<zone type="Etc/Unknown">
				<exemplarCity draft="contributed">Unbekannti Stadt</exemplarCity>
			</zone>
			<zone type="Europe/Tirane">
				<exemplarCity draft="contributed">Tiran</exemplarCity>
			</zone>
			<zone type="America/Cordoba">
				<exemplarCity draft="contributed">Kordoba</exemplarCity>
			</zone>
			<zone type="Europe/Vienna">
				<exemplarCity draft="contributed">Wien</exemplarCity>
			</zone>
			<zone type="Australia/Sydney">
				<exemplarCity draft="contributed">Sidnei</exemplarCity>
			</zone>
			<zone type="Europe/Brussels">
				<exemplarCity draft="contributed">Brüssel</exemplarCity>
			</zone>
			<zone type="Africa/Ouagadougou">
				<exemplarCity draft="contributed">Wagadugu</exemplarCity>
			</zone>
			<zone type="Europe/Zurich">
				<exemplarCity draft="contributed">Zürič</exemplarCity>
			</zone>
			<zone type="America/Havana">
				<exemplarCity draft="contributed">Hawanna</exemplarCity>
			</zone>
			<zone type="Europe/Prague">
				<exemplarCity draft="contributed">Prag</exemplarCity>
			</zone>
			<zone type="Africa/Djibouti">
				<exemplarCity draft="contributed">Dšibuti</exemplarCity>
			</zone>
			<zone type="Europe/Copenhagen">
				<exemplarCity draft="contributed">Kopehage</exemplarCity>
			</zone>
			<zone type="Africa/Algiers">
				<exemplarCity draft="contributed">Algier</exemplarCity>
			</zone>
			<zone type="Europe/Tallinn">
				<exemplarCity draft="contributed">Reval</exemplarCity>
			</zone>
			<zone type="Africa/Cairo">
				<exemplarCity draft="contributed">Kairo</exemplarCity>
			</zone>
			<zone type="Africa/Accra">
				<exemplarCity draft="contributed">Akra</exemplarCity>
			</zone>
			<zone type="Asia/Hong_Kong">
				<exemplarCity draft="contributed">Hongkong</exemplarCity>
			</zone>
			<zone type="Europe/Budapest">
				<exemplarCity draft="contributed">Budapešt</exemplarCity>
			</zone>
			<zone type="Asia/Baghdad">
				<exemplarCity draft="contributed">Bagdad</exemplarCity>
			</zone>
			<zone type="Atlantic/Reykjavik">
				<exemplarCity draft="contributed">Rikjawik</exemplarCity>
			</zone>
			<zone type="Europe/Rome">
				<exemplarCity draft="contributed">Rom</exemplarCity>
			</zone>
			<zone type="America/Jamaica">
				<exemplarCity draft="contributed">Jamaika</exemplarCity>
			</zone>
			<zone type="Asia/Tokyo">
				<exemplarCity draft="contributed">Tokio</exemplarCity>
			</zone>
			<zone type="America/Cayman">
				<exemplarCity draft="contributed">Kaimaninsla</exemplarCity>
			</zone>
			<zone type="Europe/Vilnius">
				<exemplarCity draft="contributed">Wilna</exemplarCity>
			</zone>
			<zone type="Africa/Tripoli">
				<exemplarCity draft="contributed">Tripolis</exemplarCity>
			</zone>
			<zone type="America/Montserrat">
				<exemplarCity draft="contributed">Monserat</exemplarCity>
			</zone>
			<zone type="Europe/Amsterdam">
				<exemplarCity draft="contributed">Amšterdam</exemplarCity>
			</zone>
			<zone type="Europe/Warsaw">
				<exemplarCity draft="contributed">Waršau</exemplarCity>
			</zone>
			<zone type="Europe/Bucharest">
				<exemplarCity draft="contributed">Bukarešt</exemplarCity>
			</zone>
			<zone type="Europe/Belgrade">
				<exemplarCity draft="contributed">Belgrad</exemplarCity>
			</zone>
			<zone type="Europe/Kaliningrad">
				<exemplarCity draft="contributed">Königsbärg</exemplarCity>
			</zone>
			<zone type="Europe/Volgograd">
				<exemplarCity draft="contributed">Wolgograd</exemplarCity>
			</zone>
			<zone type="Africa/Khartoum">
				<exemplarCity draft="contributed">Kartum</exemplarCity>
			</zone>
			<zone type="Asia/Singapore">
				<exemplarCity draft="contributed">Singapur</exemplarCity>
			</zone>
			<zone type="Europe/Ljubljana">
				<exemplarCity draft="contributed">Laibač</exemplarCity>
			</zone>
			<zone type="Africa/Mogadishu">
				<exemplarCity draft="contributed">Mogadišu</exemplarCity>
			</zone>
			<zone type="Asia/Damascus">
				<exemplarCity draft="contributed">Damaskus</exemplarCity>
			</zone>
			<zone type="Europe/Istanbul">
				<exemplarCity draft="contributed">Konštantinopel</exemplarCity>
			</zone>
			<zone type="Europe/Vatican">
				<exemplarCity draft="contributed">Vatikan</exemplarCity>
			</zone>
			<metazone type="Atlantic">
				<long>
					<generic draft="contributed">Atlantiši Zit</generic>
					<standard draft="contributed">Atlantiši Standardzit</standard>
					<daylight draft="contributed">Atlantiši Summerzit</daylight>
				</long>
			</metazone>
			<metazone type="Europe_Central">
				<long>
					<generic draft="contributed">Mitteleuropäiši Zit</generic>
					<standard draft="contributed">Mitteleuropäiši Standardzit</standard>
					<daylight draft="contributed">Mitteleuropäiši Summerzit</daylight>
				</long>
				<short>
					<generic draft="contributed">MEZ</generic>
					<standard draft="contributed">MEZ</standard>
					<daylight draft="contributed">MESZ</daylight>
				</short>
			</metazone>
			<metazone type="Europe_Eastern">
				<long>
					<generic draft="contributed">Ošteuropäiši Zit</generic>
					<standard draft="contributed">Ošteuropäiši Standardzit</standard>
					<daylight draft="contributed">Ošteuropäiši Summerzit</daylight>
				</long>
				<short>
					<generic draft="contributed">OEZ</generic>
					<standard draft="contributed">OEZ</standard>
					<daylight draft="contributed">OESZ</daylight>
				</short>
			</metazone>
			<metazone type="Europe_Western">
				<long>
					<generic draft="contributed">Wešteuropäiši Zit</generic>
					<standard draft="contributed">Wešteuropäiši Standardzit</standard>
					<daylight draft="contributed">Wešteuropäiši Summerzit</daylight>
				</long>
				<short>
					<generic draft="contributed">WEZ</generic>
					<standard draft="contributed">WEZ</standard>
					<daylight draft="contributed">WESZ</daylight>
				</short>
			</metazone>
		</timeZoneNames>
	</dates>
	<numbers>
		<symbols numberSystem="latn">
			<decimal draft="contributed">,</decimal>
			<group draft="contributed">’</group>
		</symbols>
		<currencyFormats numberSystem="latn">
			<currencyFormatLength type="short">
				<currencyFormat type="standard">
					<pattern type="1000" count="one" draft="provisional">¤ 0K</pattern>
					<pattern type="1000" count="other" draft="provisional">¤ 0K</pattern>
					<pattern type="10000" count="one" draft="provisional">¤ 00K</pattern>
					<pattern type="10000" count="other" draft="provisional">¤ 00K</pattern>
					<pattern type="100000" count="one" draft="provisional">¤ 000K</pattern>
					<pattern type="100000" count="other" draft="provisional">¤ 000K</pattern>
					<pattern type="1000000" count="one" draft="provisional">¤ 0M</pattern>
					<pattern type="1000000" count="other" draft="provisional">¤ 0M</pattern>
					<pattern type="10000000" count="one" draft="provisional">¤ 00M</pattern>
					<pattern type="10000000" count="other" draft="provisional">¤ 00M</pattern>
					<pattern type="100000000" count="one" draft="provisional">¤ 000M</pattern>
					<pattern type="100000000" count="other" draft="provisional">¤ 000M</pattern>
					<pattern type="1000000000" count="one" draft="provisional">¤ 0G</pattern>
					<pattern type="1000000000" count="other" draft="provisional">¤ 0G</pattern>
					<pattern type="10000000000" count="one" draft="provisional">¤ 00G</pattern>
					<pattern type="10000000000" count="other" draft="provisional">¤ 00G</pattern>
					<pattern type="100000000000" count="one" draft="provisional">¤ 000G</pattern>
					<pattern type="100000000000" count="other" draft="provisional">¤ 000G</pattern>
					<pattern type="1000000000000" count="one" draft="provisional">¤ 0T</pattern>
					<pattern type="1000000000000" count="other" draft="provisional">¤ 0T</pattern>
					<pattern type="10000000000000" count="one" draft="provisional">¤ 00T</pattern>
					<pattern type="10000000000000" count="other" draft="provisional">¤ 00T</pattern>
					<pattern type="100000000000000" count="one" draft="provisional">¤ 000T</pattern>
					<pattern type="100000000000000" count="other" draft="provisional">¤ 000T</pattern>
				</currencyFormat>
			</currencyFormatLength>
			<unitPattern count="one" draft="contributed">{0} {1}</unitPattern>
			<unitPattern count="other" draft="contributed">{0} {1}</unitPattern>
		</currencyFormats>
		<currencies>
			<currency type="BRL">
				<displayName draft="contributed">Brasilianiši Real</displayName>
				<displayName count="one" draft="contributed">Brasilianišä Real</displayName>
				<displayName count="other" draft="contributed">Brasilianiši Real</displayName>
			</currency>
			<currency type="CNY">
				<displayName draft="contributed">Chinesiši Yuan</displayName>
				<displayName count="one" draft="contributed">Chinesišä Yuan</displayName>
				<displayName count="other" draft="contributed">Chinesiši Yuan</displayName>
			</currency>
			<currency type="EUR">
				<displayName draft="contributed">Euro</displayName>
				<displayName count="one" draft="contributed">Euro</displayName>
				<displayName count="other" draft="contributed">Euro</displayName>
			</currency>
			<currency type="GBP">
				<displayName draft="contributed">Pfund</displayName>
				<displayName count="one" draft="contributed">Pfund</displayName>
				<displayName count="other" draft="contributed">Pfund</displayName>
			</currency>
			<currency type="INR">
				<displayName draft="contributed">Indiši Rupie</displayName>
				<displayName count="one" draft="contributed">Indišä Rupie</displayName>
				<displayName count="other" draft="contributed">Indiši Rupie</displayName>
			</currency>
			<currency type="JPY">
				<displayName draft="contributed">Yen</displayName>
				<displayName count="one" draft="contributed">Yen</displayName>
				<displayName count="other" draft="contributed">Yen</displayName>
				<symbol draft="contributed">¥</symbol>
			</currency>
			<currency type="RUB">
				<displayName draft="contributed">Rubel</displayName>
				<displayName count="one" draft="contributed">Rubel</displayName>
				<displayName count="other" draft="contributed">Rubel</displayName>
			</currency>
			<currency type="USD">
				<displayName draft="contributed">Dollar</displayName>
				<displayName count="one" draft="contributed">Dollar</displayName>
				<displayName count="other" draft="contributed">Dollar</displayName>
				<symbol draft="contributed">$</symbol>
			</currency>
			<currency type="XXX">
				<displayName draft="contributed">Unbekannti Wãrig</displayName>
				<displayName count="one" draft="contributed">Unbekannti Wãrig</displayName>
				<displayName count="other" draft="contributed">Unbekannti Wãrig</displayName>
			</currency>
		</currencies>
	</numbers>
	<units>
		<unitLength type="long">
			<unit type="duration-year">
				<displayName draft="contributed">jár</displayName>
				<unitPattern count="one">{0} jár</unitPattern>
				<unitPattern count="other">{0} jár</unitPattern>
			</unit>
			<unit type="duration-month">
				<displayName draft="contributed">mánet</displayName>
				<unitPattern count="one">{0} mánet</unitPattern>
				<unitPattern count="other">{0} mánet</unitPattern>
			</unit>
			<unit type="duration-week">
				<displayName draft="contributed">wučä</displayName>
				<unitPattern count="one">{0} wuča</unitPattern>
				<unitPattern count="other">{0} wučä</unitPattern>
			</unit>
			<unit type="duration-day">
				<displayName draft="contributed">täg</displayName>
				<unitPattern count="one">{0} täg</unitPattern>
				<unitPattern count="other">{0} täg</unitPattern>
			</unit>
			<unit type="duration-hour">
				<displayName draft="contributed">stunde</displayName>
				<unitPattern count="one">{0} stund</unitPattern>
				<unitPattern count="other">{0} stunde</unitPattern>
			</unit>
			<unit type="duration-minute">
				<displayName draft="contributed">minüte</displayName>
				<unitPattern count="one">{0} minüta</unitPattern>
				<unitPattern count="other">{0} minüte</unitPattern>
			</unit>
			<unit type="duration-second">
				<displayName draft="contributed">sekunde</displayName>
				<unitPattern count="one">{0} sekund</unitPattern>
				<unitPattern count="other">{0} sekunde</unitPattern>
			</unit>
		</unitLength>
		<unitLength type="short">
			<unit type="duration-year">
				<displayName draft="contributed">jár</displayName>
			</unit>
			<unit type="duration-month">
				<displayName draft="contributed">mánet</displayName>
			</unit>
			<unit type="duration-week">
				<displayName draft="contributed">wučä</displayName>
			</unit>
			<unit type="duration-day">
				<displayName draft="contributed">täg</displayName>
			</unit>
			<unit type="duration-hour">
				<displayName draft="contributed">stunde</displayName>
			</unit>
			<unit type="duration-minute">
				<displayName draft="contributed">minüte</displayName>
			</unit>
			<unit type="duration-second">
				<displayName draft="contributed">sekunde</displayName>
			</unit>
		</unitLength>
	</units>
	<listPatterns>
		<listPattern>
			<listPatternPart type="end" draft="contributed">{0} und {1}</listPatternPart>
			<listPatternPart type="2" draft="contributed">{0} und {1}</listPatternPart>
		</listPattern>
	</listPatterns>
	<posix>
		<messages>
			<yesstr draft="contributed">ja:j:y</yesstr>
			<nostr draft="contributed">nei:n</nostr>
		</messages>
	</posix>
</ldml>
